MANDT,AUFPL,APLZL,PLNFL,PLNKN,PLNAL,PLNTY,VINTV,PLNNR,ZAEHL,VORNR,STEUS,ARBID,PDEST,WERKS,KTSCH,LTXA1,LTXA2,TXTSP,VPLTY
1,1557110,1,,0,,N,0,,0,10,US00,10005778,,US02,MMQA001,QUALITY,,,
1,1557111,1,,0,,N,0,,0,10,US00,10005778,,US02,MMQA001,QUALITY,,,
1,1557112,1,,0,,N,0,,0,10,US00,10005778,,US02,MMQA001,QUALITY,,,
1,1557113,1,,0,,N,0,,0,10,US00,10005778,,US02,MMQA001,QUALITY,,,
1,1557114,1,,0,,N,0,,0,10,US00,10005778,,US02,MMQA001,QUALITY,,,
1,1557114,2,,0,,N,0,,0,20,US01,10005775,,US02,MMIA001,ASSEMBLY,,,
1,1557115,1,,0,,N,0,,0,10,US00,10005778,,US02,MMQA001,QUALITY,,,
1,1557116,1,,0,,N,0,,0,10,US00,10005778,,US02,MMQA001,QUALITY,,,
1,1557117,1,,0,,N,0,,0,10,US00,10005778,,US02,MMQA001,QUALITY,,,
1,1557118,1,,0,,N,0,,0,10,US00,10005778,,US02,MMQA001,QUALITY,,,
1,1557119,1,,0,,N,0,,0,10,US00,10005778,,US02,MMQA001,QUALITY,,,
1,1557120,1,,0,,N,0,,0,10,US00,10005778,,US02,MMQA001,QUALITY,,,
1,1557121,1,,0,,N,0,,0,10,US00,10005778,,US02,MMQA001,QUALITY,,,
1,1557122,1,,0,,N,0,,0,10,US00,10005778,,US02,MMQA001,QUALITY,,,
1,1557123,1,,0,,N,0,,0,10,US00,10005778,,US02,MMQA001,QUALITY,,,
1,1557124,1,,0,,N,0,,0,10,US00,10005778,,US02,MMQA001,QUALITY,,,
1,1557125,1,,0,,N,0,,0,10,US00,10005778,,US02,MMQA001,QUALITY,,,
1,1557167,1,0,1,1,N,0,50338688,1,10,US01,10005775,,US02,MMIA001,ASSEMBLY,,,
1,1557167,2,0,2,1,N,0,50338688,2,20,US01,10005778,,US02,MMQA001,QUALITY,,,
1,1557167,3,0,3,1,N,0,50338688,3,30,US01,10005775,,US02,MMIA001,ASSEMBLY,,,
1,1557167,4,0,4,1,N,0,50338688,4,40,US01,10005778,,US02,MMQA001,QUALITY,,,
1,1557167,5,0,5,1,N,0,50338688,5,50,US01,10005775,,US02,MMIA001,ASSEMBLY,,,
1,1557167,6,0,6,1,N,0,50338688,6,60,US01,10005778,,US02,MMQA001,QUALITY,,,
1,1557167,7,0,7,1,N,0,50338688,7,70,US01,10005775,,US02,MMIA001,ASSEMBLY,,,
1,1557167,8,0,8,1,N,0,50338688,8,80,US01,10005778,,US02,MMQA001,QUALITY,,,
1,1557167,9,0,9,1,N,0,50338688,9,90,US01,10005776,,US02,MMIP001,PAINTING,,,
1,1557167,10,0,10,1,N,0,50338688,10,100,US01,10005775,,US02,MMIA001,ASSEMBLY,,,
1,1557167,11,0,11,1,N,0,50338688,11,110,US01,10005778,,US02,MMQA001,QUALITY,,,
1,1559759,1,,0,,N,0,,0,10,US00,0,,US02,,Atomatic operation,,,
1,1561890,1,,0,,N,0,,0,10,US00,10005778,,US02,MMQA001,INSPECTION,,EN,
1,1561890,2,,0,,N,0,,0,20,US01,10005778,,US02,MMQA001,TOTO FAIT DU SKI CECI EST UN ESSAI,,EN,
1,1561890,3,,0,,N,0,,0,30,US01,10005778,,US02,MMQA001,QUALITY,,,
1,1561890,4,,0,,N,0,,0,40,US01,10005778,,US02,MMQA001,QUALITY,,,
1,1569664,1,,0,,N,0,,0,10,US00,10005775,,US02,MMIA001,ASSEMBLY,,,
1,1569665,1,,0,,N,0,,0,10,US01,10005775,,US02,MMIA001,ASSEMBLY,,EN,
1,1569665,2,,0,,N,0,,0,20,US01,10005778,,US02,MMQA001,QUALITY,,,
1,1569665,3,,0,,N,0,,0,30,US01,10005776,,US02,MMIP001,PAINTING,,EN,
1,1569665,4,,0,,N,0,,0,40,US01,10005778,,US02,MMQA001,QUALITY,,,
1,1569666,1,,0,,N,0,,0,10,US01,10005775,,US02,MMIA001,ASSEMBLY,,EN,
1,1569666,2,,0,,N,0,,0,20,US01,10005778,,US02,MMQA001,QUALITY,,,
1,1569666,3,,0,,N,0,,0,30,US01,10005776,,US02,MMIP001,PAINTING,,EN,
1,1569666,4,,0,,N,0,,0,40,US01,10005778,,US02,MMQA001,QUALITY,,,
1,1575205,1,0,1,1,N,0,50338690,1,10,US01,10005775,,US02,MMIA001,ASSEMBLY,,EN,
1,1575205,2,0,2,1,N,0,50338690,2,20,US01,10005778,,US02,MMQA001,QUALITY,,,
1,1575205,3,0,3,1,N,0,50338690,3,30,US01,10005775,,US02,MMIA001,ASSEMBLY,,,
1,1575205,4,0,4,1,N,0,50338690,4,40,US01,10005778,,US02,MMQA001,QUALITY,,,
1,1575205,5,0,5,1,N,0,50338690,5,50,US01,10005775,,US02,MMIA001,ASSEMBLY,,,
1,1575205,6,0,6,1,N,0,50338690,6,60,US01,10005778,,US02,MMQA001,QUALITY,,,
1,1575205,7,0,7,1,N,0,50338690,7,70,US01,10005775,,US02,MMIA001,ASSEMBLY,,,
1,1575205,8,0,8,1,N,0,50338690,8,80,US01,10005778,,US02,MMQA001,QUALITY,,,
1,1575205,9,0,9,1,N,0,50338690,9,90,US01,10005776,,US02,MMIP001,PAINTING,,,
1,1575205,10,0,10,1,N,0,50338690,10,100,US01,10005775,,US02,MMIA001,ASSEMBLY,,,
1,1575205,11,0,11,1,N,0,50338690,11,110,US01,10005778,,US02,MMQA001,QUALITY,,EN,
1,1575206,1,0,1,1,N,0,50338690,1,10,US01,10005775,,US02,MMIA001,ASSEMBLY,,EN,
1,1575206,2,0,2,1,N,0,50338690,2,20,US01,10005778,,US02,MMQA001,QUALITY,,,
1,1575206,3,0,3,1,N,0,50338690,3,30,US01,10005775,,US02,MMIA001,ASSEMBLY,,,
1,1575206,4,0,4,1,N,0,50338690,4,40,US01,10005778,,US02,MMQA001,QUALITY,,,
1,1575206,5,0,5,1,N,0,50338690,5,50,US01,10005775,,US02,MMIA001,ASSEMBLY,,,
1,1575206,6,0,6,1,N,0,50338690,6,60,US01,10005778,,US02,MMQA001,QUALITY,,,
1,1575206,7,0,7,1,N,0,50338690,7,70,US01,10005775,,US02,MMIA001,ASSEMBLY,,,
1,1575206,8,0,8,1,N,0,50338690,8,80,US01,10005778,,US02,MMQA001,QUALITY,,,
1,1575206,9,0,9,1,N,0,50338690,9,90,US01,10005776,,US02,MMIP001,PAINTING,,,
1,1575206,10,0,10,1,N,0,50338690,10,100,US01,10005775,,US02,MMIA001,ASSEMBLY,,,
1,1575206,11,0,11,1,N,0,50338690,11,110,US01,10005778,,US02,MMQA001,QUALITY,,EN,
1,1575327,1,0,1,1,N,0,50338690,1,10,US01,10005775,,US02,MMIA001,ASSEMBLY,,EN,
1,1575327,2,0,2,1,N,0,50338690,2,20,US01,10005778,,US02,MMQA001,QUALITY,,,
1,1575327,3,0,3,1,N,0,50338690,3,30,US01,10005775,,US02,MMIA001,ASSEMBLY,,,
1,1575327,4,0,4,1,N,0,50338690,4,40,US01,10005778,,US02,MMQA001,QUALITY,,,
1,1575327,5,0,5,1,N,0,50338690,5,50,US01,10005775,,US02,MMIA001,ASSEMBLY,,,
1,1575327,6,0,6,1,N,0,50338690,6,60,US01,10005778,,US02,MMQA001,QUALITY,,,
1,1575327,7,0,7,1,N,0,50338690,7,70,US01,10005775,,US02,MMIA001,ASSEMBLY,,,
1,1575327,8,0,8,1,N,0,50338690,8,80,US01,10005778,,US02,MMQA001,QUALITY,,,
1,1575327,9,0,9,1,N,0,50338690,9,90,US01,10005776,,US02,MMIP001,PAINTING,,,
1,1575327,10,0,10,1,N,0,50338690,10,100,US01,10005775,,US02,MMIA001,ASSEMBLY,,,
1,1575327,11,0,11,1,N,0,50338690,11,110,US01,10005778,,US02,MMQA001,QUALITY,,EN,
1,1586806,1,0,1,1,N,0,50338688,1,10,US01,10005775,,US02,MMIA001,ASSEMBLY,,EN,
1,1586806,2,0,2,1,N,0,50338688,2,20,US01,10005778,,US02,MMQA001,QUALITY,,,
1,1586806,3,0,3,1,N,0,50338688,3,30,US01,10005775,,US02,MMIA001,ASSEMBLY,,,
1,1586806,4,0,4,1,N,0,50338688,4,40,US01,10005778,,US02,MMQA001,QUALITY,,,
1,1586806,5,0,5,1,N,0,50338688,5,50,US01,10005775,,US02,MMIA001,ASSEMBLY,,,
1,1586806,6,0,6,1,N,0,50338688,6,60,US01,10005778,,US02,MMQA001,QUALITY,,,
1,1586806,7,0,7,1,N,0,50338688,7,70,US01,10005775,,US02,MMIA001,ASSEMBLY,,,
1,1586806,8,0,8,1,N,0,50338688,8,80,US01,10005778,,US02,MMQA001,QUALITY,,,
1,1586806,9,0,9,1,N,0,50338688,9,90,US01,10005776,,US02,MMIP001,PAINTING,,,
1,1586806,10,0,10,1,N,0,50338688,10,100,US01,10005775,,US02,MMIA001,ASSEMBLY,,,
1,1586806,11,0,11,1,N,0,50338688,11,110,US01,10005778,,US02,MMQA001,QUALITY,,EN,
1,1610820,1,,0,,N,0,,0,10,US01,10005775,,US02,MMIA001,ASSEMBLY,,,
1,1610820,2,,0,,N,0,,0,50,US01,10005775,,US02,MMIA001,ASSEMBLY,,,
1,1610820,3,,0,,N,0,,0,60,US01,10005778,,US02,MMQA001,QUALITY,,,
1,1610820,4,,0,,N,0,,0,70,US01,10005775,,US02,MMIA001,ASSEMBLY,,,
1,1610820,5,,0,,N,0,,0,80,US01,10005778,,US02,MMQA001,QUALITY,,,
1,1610820,6,,0,,N,0,,0,90,US01,10005775,,US02,MMIA001,ASSEMBLY,,,
1,1610820,7,,0,,N,0,,0,100,US01,10005778,,US02,MMQA001,QUALITY,,,
1,1610820,8,,0,,N,0,,0,110,US01,10005775,,US02,MMIA001,ASSEMBLY,,,
1,1610820,9,,0,,N,0,,0,120,US01,10005778,,US02,MMQA001,QUALITY,,,
1,1610820,10,,0,,N,0,,0,130,US01,10005776,,US02,MMIP001,PAINTING,,,
1,1610820,11,,0,,N,0,,0,140,US01,10005775,,US02,MMIA001,ASSEMBLY,,,
1,1610820,12,,0,,N,0,,0,150,US01,10005778,,US02,MMQA001,QUALITY,,,
1,1610820,13,,0,,N,0,,0,20,US01,10005778,,US02,MMQA001,QUALITY,,,
1,1610820,14,,0,,N,0,,0,40,US01,10005778,,US02,MMQA001,QUALITY,,,
1,1610820,15,,0,,N,0,,0,30,US01,10005775,,US02,MMIA001,ASSEMBLY,,,
1,1673725,1,,0,,N,0,,0,10,US00,0,,US02,,Atomatic operation,,,
1,1676786,1,0,1,1,N,0,50338689,1,10,US01,10005775,,US02,MMIA001,ASSEMBLY,,EN,
1,1676786,2,0,2,1,N,0,50338689,2,20,US01,10005778,,US02,MMQA001,QUALITY,,,
1,1676786,3,0,3,1,N,0,50338689,3,30,US01,10005775,,US02,MMIA001,ASSEMBLY,,,
1,1676786,4,0,4,1,N,0,50338689,4,40,US01,10005778,,US02,MMQA001,QUALITY,,,
1,1676786,5,0,5,1,N,0,50338689,5,50,US01,10005775,,US02,MMIA001,ASSEMBLY,,,
1,1676786,6,0,6,1,N,0,50338689,6,60,US01,10005778,,US02,MMQA001,QUALITY,,,
1,1676786,7,0,7,1,N,0,50338689,7,70,US01,10005775,,US02,MMIA001,ASSEMBLY,,,
1,1676786,8,0,8,1,N,0,50338689,8,80,US01,10005778,,US02,MMQA001,QUALITY,,,
1,1676786,9,0,9,1,N,0,50338689,9,90,US01,10005775,,US02,MMIA001,ASSEMBLY,,,
1,1676786,10,0,10,1,N,0,50338689,10,100,US01,10005778,,US02,MMQA001,QUALITY,,,
1,1676786,11,0,11,1,N,0,50338689,11,110,US01,10005776,,US02,MMIP001,PAINTING,,,
1,1676786,12,0,12,1,N,0,50338689,12,120,US01,10005775,,US02,MMIA001,ASSEMBLY,,,
1,1676786,13,0,13,1,N,0,50338689,13,130,US01,10005778,,US02,MMQA001,QUALITY,,EN,
1,1679917,1,0,1,1,N,0,50338688,1,10,US01,10005775,,US02,MMIA001,ASSEMBLY,,EN,
1,1679917,2,0,2,1,N,0,50338688,2,20,US01,10005778,,US02,MMQA001,QUALITY,,,
1,1679917,3,0,3,1,N,0,50338688,3,30,US01,10005775,,US02,MMIA001,ASSEMBLY,,,
1,1679917,4,0,4,1,N,0,50338688,4,40,US01,10005778,,US02,MMQA001,QUALITY,,,
1,1679917,5,0,5,1,N,0,50338688,5,50,US01,10005775,,US02,MMIA001,ASSEMBLY,,,
1,1679917,6,0,6,1,N,0,50338688,6,60,US01,10005778,,US02,MMQA001,QUALITY,,,
1,1679917,7,0,7,1,N,0,50338688,7,70,US01,10005775,,US02,MMIA001,ASSEMBLY,,,
1,1679917,8,0,8,1,N,0,50338688,8,80,US01,10005778,,US02,MMQA001,QUALITY,,,
1,1679917,9,0,9,1,N,0,50338688,9,130,US01,10005776,,US02,MMIP001,PAINTING,,,
1,1679917,10,0,10,1,N,0,50338688,10,140,US01,10005775,,US02,MMIA001,ASSEMBLY,,,
1,1679917,11,0,11,1,N,0,50338688,11,150,US01,10005778,,US02,MMQA001,QUALITY,,EN,
1,1679917,12,,0,,N,0,,0,90,US01,10005775,,US02,MMIA001,ASSEMBLY,,,
1,1679917,13,,0,,N,0,,0,100,US01,10005778,,US02,MMQA001,QUALITY,,,
1,1679917,14,,0,,N,0,,0,110,US01,10005775,,US02,MMIA001,ASSEMBLY,,,
1,1679917,15,,0,,N,0,,0,120,US01,10005778,,US02,MMQA001,QUALITY,,,
1,1679918,1,0,1,1,N,0,50338688,1,10,US01,10005775,,US02,MMIA001,ASSEMBLY,,EN,
1,1679918,2,0,2,1,N,0,50338688,2,20,US01,10005778,,US02,MMQA001,QUALITY,,,
1,1679918,3,0,3,1,N,0,50338688,3,30,US01,10005775,,US02,MMIA001,ASSEMBLY,,,
1,1679918,4,0,4,1,N,0,50338688,4,40,US01,10005778,,US02,MMQA001,QUALITY,,,
1,1679918,5,0,5,1,N,0,50338688,5,50,US01,10005775,,US02,MMIA001,ASSEMBLY,,,
1,1679918,6,0,6,1,N,0,50338688,6,60,US01,10005778,,US02,MMQA001,QUALITY,,,
1,1679918,7,0,7,1,N,0,50338688,7,70,US01,10005775,,US02,MMIA001,ASSEMBLY,,,
1,1679918,8,0,8,1,N,0,50338688,8,80,US01,10005778,,US02,MMQA001,QUALITY,,,
1,1679918,9,0,9,1,N,0,50338688,9,130,US01,10005776,,US02,MMIP001,PAINTING,,,
1,1679918,10,0,10,1,N,0,50338688,10,140,US01,10005775,,US02,MMIA001,ASSEMBLY,,,
1,1679918,11,0,11,1,N,0,50338688,11,150,US01,10005778,,US02,MMQA001,QUALITY,,EN,
1,1679918,12,,0,,N,0,,0,90,US01,10005775,,US02,MMIA001,ASSEMBLY,,,
1,1679918,13,,0,,N,0,,0,100,US01,10005778,,US02,MMQA001,QUALITY,,,
1,1679918,14,,0,,N,0,,0,110,US01,10005775,,US02,MMIA001,ASSEMBLY,,,
1,1679918,15,,0,,N,0,,0,120,US01,10005778,,US02,MMQA001,QUALITY,,,
1,1679919,1,0,1,1,N,0,50338689,1,10,US01,10005775,,US02,MMIA001,ASSEMBLY,,EN,
1,1679919,2,0,2,1,N,0,50338689,2,20,US01,10005778,,US02,MMQA001,QUALITY,,,
1,1679919,3,0,3,1,N,0,50338689,3,30,US01,10005775,,US02,MMIA001,ASSEMBLY,,,
1,1679919,4,0,4,1,N,0,50338689,4,40,US01,10005778,,US02,MMQA001,QUALITY,,,
1,1679919,5,0,5,1,N,0,50338689,5,50,US01,10005775,,US02,MMIA001,ASSEMBLY,,,
1,1679919,6,0,6,1,N,0,50338689,6,60,US01,10005778,,US02,MMQA001,QUALITY,,,
1,1679919,7,0,7,1,N,0,50338689,7,70,US01,10005775,,US02,MMIA001,ASSEMBLY,,,
1,1679919,8,0,8,1,N,0,50338689,8,80,US01,10005778,,US02,MMQA001,QUALITY,,,
1,1679919,9,0,9,1,N,0,50338689,9,90,US01,10005775,,US02,MMIA001,ASSEMBLY,,,
1,1679919,10,0,10,1,N,0,50338689,10,100,US01,10005778,,US02,MMQA001,QUALITY,,,
1,1679919,11,0,11,1,N,0,50338689,11,110,US01,10005776,,US02,MMIP001,PAINTING,,,
1,1679919,12,0,12,1,N,0,50338689,12,120,US01,10005775,,US02,MMIA001,ASSEMBLY,,,
1,1679919,13,0,13,1,N,0,50338689,13,130,US01,10005778,,US02,MMQA001,QUALITY,,EN,
1,1690541,1,,0,,N,0,,0,10,US00,0,,US02,,Atomatic operation,,,
1,1750109,1,0,1,1,N,0,50338690,1,10,US01,10005775,,US02,MMIA001,ASSEMBLY,,EN,
1,1750109,2,0,2,1,N,0,50338690,2,20,US01,10005778,,US02,MMQA001,QUALITY,,,
1,1750109,3,0,3,1,N,0,50338690,3,30,US01,10005775,,US02,MMIA001,ASSEMBLY,,,
1,1750109,4,0,4,1,N,0,50338690,4,40,US01,10005778,,US02,MMQA001,QUALITY,,,
1,1750109,5,0,5,1,N,0,50338690,5,50,US01,10005775,,US02,MMIA001,ASSEMBLY,,,
1,1750109,6,0,6,1,N,0,50338690,6,60,US01,10005778,,US02,MMQA001,QUALITY,,,
1,1750109,7,0,7,1,N,0,50338690,7,70,US01,10005775,,US02,MMIA001,ASSEMBLY,,,
1,1750109,8,0,8,1,N,0,50338690,8,80,US01,10005778,,US02,MMQA001,QUALITY,,,
1,1750109,9,0,9,1,N,0,50338690,9,90,US01,10005776,,US02,MMIP001,PAINTING,,,
1,1750109,10,0,10,1,N,0,50338690,10,100,US01,10005775,,US02,MMIA001,ASSEMBLY,,,
1,1750109,11,0,11,1,N,0,50338690,11,110,US01,10005778,,US02,MMQA001,QUALITY,,EN,
1,1750110,1,0,1,1,N,0,50338690,1,10,US01,10005775,,US02,MMIA001,ASSEMBLY,,EN,
1,1750110,2,0,2,1,N,0,50338690,2,20,US01,10005778,,US02,MMQA001,QUALITY,,,
1,1750110,3,0,3,1,N,0,50338690,3,30,US01,10005775,,US02,MMIA001,ASSEMBLY,,,
1,1750110,4,0,4,1,N,0,50338690,4,40,US01,10005778,,US02,MMQA001,QUALITY,,,
1,1750110,5,0,5,1,N,0,50338690,5,50,US01,10005775,,US02,MMIA001,ASSEMBLY,,,
1,1750110,6,0,6,1,N,0,50338690,6,60,US01,10005778,,US02,MMQA001,QUALITY,,,
1,1750110,7,0,7,1,N,0,50338690,7,70,US01,10005775,,US02,MMIA001,ASSEMBLY,,,
1,1750110,8,0,8,1,N,0,50338690,8,80,US01,10005778,,US02,MMQA001,QUALITY,,,
1,1750110,9,0,9,1,N,0,50338690,9,90,US01,10005776,,US02,MMIP001,PAINTING,,,
1,1750110,10,0,10,1,N,0,50338690,10,100,US01,10005775,,US02,MMIA001,ASSEMBLY,,,
1,1750110,11,0,11,1,N,0,50338690,11,110,US01,10005778,,US02,MMQA001,QUALITY,,EN,
1,1750111,1,0,1,1,N,0,50338690,1,10,US01,10005775,,US02,MMIA001,ASSEMBLY,,EN,
1,1750111,2,0,2,1,N,0,50338690,2,20,US01,10005778,,US02,MMQA001,QUALITY,,,
1,1750111,3,0,3,1,N,0,50338690,3,30,US01,10005775,,US02,MMIA001,ASSEMBLY,,,
1,1750111,4,0,4,1,N,0,50338690,4,40,US01,10005778,,US02,MMQA001,QUALITY,,,
1,1750111,5,0,5,1,N,0,50338690,5,50,US01,10005775,,US02,MMIA001,ASSEMBLY,,,
1,1750111,6,0,6,1,N,0,50338690,6,60,US01,10005778,,US02,MMQA001,QUALITY,,,
1,1750111,7,0,7,1,N,0,50338690,7,70,US01,10005775,,US02,MMIA001,ASSEMBLY,,,
1,1750111,8,0,8,1,N,0,50338690,8,80,US01,10005778,,US02,MMQA001,QUALITY,,,
1,1750111,9,0,9,1,N,0,50338690,9,90,US01,10005776,,US02,MMIP001,PAINTING,,,
1,1750111,10,0,10,1,N,0,50338690,10,100,US01,10005775,,US02,MMIA001,ASSEMBLY,,,
1,1750111,11,0,11,1,N,0,50338690,11,110,US01,10005778,,US02,MMQA001,QUALITY,,EN,
1,1778626,1,0,1,1,N,0,50338688,1,10,US01,10005775,,US02,MMIA001,ASSEMBLY,,EN,
1,1778626,2,0,2,1,N,0,50338688,2,20,US01,10005778,,US02,MMQA001,QUALITY,,,
1,1778626,3,0,3,1,N,0,50338688,3,30,US01,10005775,,US02,MMIA001,ASSEMBLY,,,
1,1778626,4,0,4,1,N,0,50338688,4,40,US01,10005778,,US02,MMQA001,QUALITY,,,
1,1778626,5,0,5,1,N,0,50338688,5,50,US01,10005775,,US02,MMIA001,ASSEMBLY,,,
1,1778626,6,0,6,1,N,0,50338688,6,60,US01,10005778,,US02,MMQA001,QUALITY,,,
1,1778626,7,0,7,1,N,0,50338688,7,70,US01,10005775,,US02,MMIA001,ASSEMBLY,,,
1,1778626,8,0,8,1,N,0,50338688,8,80,US01,10005778,,US02,MMQA001,QUALITY,,,
1,1778626,9,0,9,1,N,0,50338688,9,130,US01,10005776,,US02,MMIP001,PAINTING,,,
1,1778626,10,0,10,1,N,0,50338688,10,140,US01,10005775,,US02,MMIA001,ASSEMBLY,,,
1,1778626,11,0,11,1,N,0,50338688,11,150,US01,10005778,,US02,MMQA001,QUALITY,,EN,
1,1778626,12,0,12,1,N,0,50338688,12,90,US01,10005775,,US02,MMIA001,ASSEMBLY,,,
1,1778626,13,0,13,1,N,0,50338688,13,100,US01,10005778,,US02,MMQA001,QUALITY,,,
1,1778626,14,0,14,1,N,0,50338688,14,110,US01,10005775,,US02,MMIA001,ASSEMBLY,,,
1,1778626,15,0,15,1,N,0,50338688,15,120,US01,10005778,,US02,MMQA001,QUALITY,,,
1,1778627,1,0,1,1,N,0,50338688,1,10,US01,10005775,,US02,MMIA001,ASSEMBLY,,EN,
1,1778627,2,0,2,1,N,0,50338688,2,20,US01,10005778,,US02,MMQA001,QUALITY,,,
1,1778627,3,0,3,1,N,0,50338688,3,30,US01,10005775,,US02,MMIA001,ASSEMBLY,,,
1,1778627,4,0,4,1,N,0,50338688,4,40,US01,10005778,,US02,MMQA001,QUALITY,,,
1,1778627,5,0,5,1,N,0,50338688,5,50,US01,10005775,,US02,MMIA001,ASSEMBLY,,,
1,1778627,6,0,6,1,N,0,50338688,6,60,US01,10005778,,US02,MMQA001,QUALITY,,,
1,1778627,7,0,7,1,N,0,50338688,7,70,US01,10005775,,US02,MMIA001,ASSEMBLY,,,
1,1778627,8,0,8,1,N,0,50338688,8,80,US01,10005778,,US02,MMQA001,QUALITY,,,
1,1778627,9,0,9,1,N,0,50338688,9,130,US01,10005776,,US02,MMIP001,PAINTING,,,
1,1778627,10,0,10,1,N,0,50338688,10,140,US01,10005775,,US02,MMIA001,ASSEMBLY,,,
1,1778627,11,0,11,1,N,0,50338688,11,150,US01,10005778,,US02,MMQA001,QUALITY,,EN,
1,1778627,12,0,12,1,N,0,50338688,12,90,US01,10005775,,US02,MMIA001,ASSEMBLY,,,
1,1778627,13,0,13,1,N,0,50338688,13,100,US01,10005778,,US02,MMQA001,QUALITY,,,
1,1778627,14,0,14,1,N,0,50338688,14,110,US01,10005775,,US02,MMIA001,ASSEMBLY,,,
1,1778627,15,0,15,1,N,0,50338688,15,120,US01,10005778,,US02,MMQA001,QUALITY,,,
1,1778628,1,0,1,1,N,0,50338688,1,10,US01,10005775,,US02,MMIA001,ASSEMBLY,,EN,
1,1778628,2,0,2,1,N,0,50338688,2,20,US01,10005778,,US02,MMQA001,QUALITY,,,
1,1778628,3,0,3,1,N,0,50338688,3,30,US01,10005775,,US02,MMIA001,ASSEMBLY,,,
1,1778628,4,0,4,1,N,0,50338688,4,40,US01,10005778,,US02,MMQA001,QUALITY,,,
1,1778628,5,0,5,1,N,0,50338688,5,50,US01,10005775,,US02,MMIA001,ASSEMBLY,,,
1,1778628,6,0,6,1,N,0,50338688,6,60,US01,10005778,,US02,MMQA001,QUALITY,,,
1,1778628,7,0,7,1,N,0,50338688,7,70,US01,10005775,,US02,MMIA001,ASSEMBLY,,,
1,1778628,8,0,8,1,N,0,50338688,8,80,US01,10005778,,US02,MMQA001,QUALITY,,,
1,1778628,9,0,9,1,N,0,50338688,9,130,US01,10005776,,US02,MMIP001,PAINTING,,,
1,1778628,10,0,10,1,N,0,50338688,10,140,US01,10005775,,US02,MMIA001,ASSEMBLY,,,
1,1778628,11,0,11,1,N,0,50338688,11,150,US01,10005778,,US02,MMQA001,QUALITY,,EN,
1,1778628,12,0,12,1,N,0,50338688,12,90,US01,10005775,,US02,MMIA001,ASSEMBLY,,,
1,1778628,13,0,13,1,N,0,50338688,13,100,US01,10005778,,US02,MMQA001,QUALITY,,,
1,1778628,14,0,14,1,N,0,50338688,14,110,US01,10005775,,US02,MMIA001,ASSEMBLY,,,
1,1778628,15,0,15,1,N,0,50338688,15,120,US01,10005778,,US02,MMQA001,QUALITY,,,
1,1788854,1,,0,,N,0,,0,10,US00,0,,US02,,Atomatic operation,,,
1,1789224,1,0,1,1,N,0,50338688,1,10,US01,10005775,,US02,MMIA001,ASSEMBLY,,EN,
1,1789224,2,0,2,1,N,0,50338688,2,20,US01,10005778,,US02,MMQA001,QUALITY,,,
1,1789224,3,0,3,1,N,0,50338688,3,30,US01,10005775,,US02,MMIA001,ASSEMBLY,,,
1,1789224,4,0,4,1,N,0,50338688,4,40,US01,10005778,,US02,MMQA001,QUALITY,,,
1,1789224,5,0,5,1,N,0,50338688,5,50,US01,10005775,,US02,MMIA001,ASSEMBLY,,,
1,1789224,6,0,6,1,N,0,50338688,6,60,US01,10005778,,US02,MMQA001,QUALITY,,,
1,1789224,7,0,7,1,N,0,50338688,7,70,US01,10005775,,US02,MMIA001,ASSEMBLY,,,
1,1789224,8,0,8,1,N,0,50338688,8,80,US01,10005778,,US02,MMQA001,QUALITY,,,
1,1789224,9,0,9,1,N,0,50338688,9,130,US01,10005776,,US02,MMIP001,PAINTING,,,
1,1789224,10,0,10,1,N,0,50338688,10,140,US01,10005775,,US02,MMIA001,ASSEMBLY,,,
1,1789224,11,0,11,1,N,0,50338688,11,150,US01,10005778,,US02,MMQA001,QUALITY,,EN,
1,1789224,12,0,12,1,N,0,50338688,12,90,US01,10005775,,US02,MMIA001,ASSEMBLY,,,
1,1789224,13,0,13,1,N,0,50338688,13,100,US01,10005778,,US02,MMQA001,QUALITY,,,
1,1789224,14,0,14,1,N,0,50338688,14,110,US01,10005775,,US02,MMIA001,ASSEMBLY,,,
1,1789224,15,0,15,1,N,0,50338688,15,120,US01,10005778,,US02,MMQA001,QUALITY,,,
1,1798873,1,,0,,N,0,,0,10,US00,0,,US02,,Atomatic operation,,,
1,1807558,1,,0,,N,0,,0,10,US00,0,,US02,,Atomatic operation,,,
1,1829788,1,0,1,1,N,0,50338690,1,10,US01,10005775,,US02,MMIA001,ASSEMBLY,,EN,
1,1829788,2,0,2,1,N,0,50338690,2,20,US01,10005778,,US02,MMQA001,QUALITY,,,
1,1829788,3,0,3,1,N,0,50338690,3,30,US01,10005775,,US02,MMIA001,ASSEMBLY,,,
1,1829788,4,0,4,1,N,0,50338690,4,40,US01,10005778,,US02,MMQA001,QUALITY,,,
1,1829788,5,0,5,1,N,0,50338690,5,50,US01,10005775,,US02,MMIA001,ASSEMBLY,,,
1,1829788,6,0,6,1,N,0,50338690,6,60,US01,10005778,,US02,MMQA001,QUALITY,,,
1,1829788,7,0,7,1,N,0,50338690,7,70,US01,10005775,,US02,MMIA001,ASSEMBLY,,,
1,1829788,8,0,8,1,N,0,50338690,8,80,US01,10005778,,US02,MMQA001,QUALITY,,,
1,1829788,9,0,9,1,N,0,50338690,9,90,US01,10005776,,US02,MMIP001,PAINTING,,,
1,1829788,10,0,10,1,N,0,50338690,10,100,US01,10005775,,US02,MMIA001,ASSEMBLY,,,
1,1829788,11,0,11,1,N,0,50338690,11,110,US01,10005778,,US02,MMQA001,QUALITY,,EN,
1,1829789,1,0,1,1,N,0,50338690,1,10,US01,10005775,,US02,MMIA001,ASSEMBLY,,EN,
1,1829789,2,0,2,1,N,0,50338690,2,20,US01,10005778,,US02,MMQA001,QUALITY,,,
1,1829789,3,0,3,1,N,0,50338690,3,30,US01,10005775,,US02,MMIA001,ASSEMBLY,,,
1,1829789,4,0,4,1,N,0,50338690,4,40,US01,10005778,,US02,MMQA001,QUALITY,,,
1,1829789,5,0,5,1,N,0,50338690,5,50,US01,10005775,,US02,MMIA001,ASSEMBLY,,,
1,1829789,6,0,6,1,N,0,50338690,6,60,US01,10005778,,US02,MMQA001,QUALITY,,,
1,1829789,7,0,7,1,N,0,50338690,7,70,US01,10005775,,US02,MMIA001,ASSEMBLY,,,
1,1829789,8,0,8,1,N,0,50338690,8,80,US01,10005778,,US02,MMQA001,QUALITY,,,
1,1829789,9,0,9,1,N,0,50338690,9,90,US01,10005776,,US02,MMIP001,PAINTING,,,
1,1829789,10,0,10,1,N,0,50338690,10,100,US01,10005775,,US02,MMIA001,ASSEMBLY,,,
1,1829789,11,0,11,1,N,0,50338690,11,110,US01,10005778,,US02,MMQA001,QUALITY,,EN,
1,1829790,1,0,1,1,N,0,50338690,1,10,US01,10005775,,US02,MMIA001,ASSEMBLY,,EN,
1,1829790,2,0,2,1,N,0,50338690,2,20,US01,10005778,,US02,MMQA001,QUALITY,,,
1,1829790,3,0,3,1,N,0,50338690,3,30,US01,10005775,,US02,MMIA001,ASSEMBLY,,,
1,1829790,4,0,4,1,N,0,50338690,4,40,US01,10005778,,US02,MMQA001,QUALITY,,,
1,1829790,5,0,5,1,N,0,50338690,5,50,US01,10005775,,US02,MMIA001,ASSEMBLY,,,
1,1829790,6,0,6,1,N,0,50338690,6,60,US01,10005778,,US02,MMQA001,QUALITY,,,
1,1829790,7,0,7,1,N,0,50338690,7,70,US01,10005775,,US02,MMIA001,ASSEMBLY,,,
1,1829790,8,0,8,1,N,0,50338690,8,80,US01,10005778,,US02,MMQA001,QUALITY,,,
1,1829790,9,0,9,1,N,0,50338690,9,90,US01,10005776,,US02,MMIP001,PAINTING,,,
1,1829790,10,0,10,1,N,0,50338690,10,100,US01,10005775,,US02,MMIA001,ASSEMBLY,,,
1,1829790,11,0,11,1,N,0,50338690,11,110,US01,10005778,,US02,MMQA001,QUALITY,,EN,
1,1834758,1,,0,,N,0,,0,10,US00,0,,US02,,Atomatic operation,,,
1,1834759,1,,0,,N,0,,0,10,US00,0,,US02,,Atomatic operation,,,
1,1834760,1,,0,,N,0,,0,10,US00,0,,US02,,Atomatic operation,,,
1,1836207,1,,0,,N,0,,0,10,US00,0,,US02,,Atomatic operation,,,
1,1836208,1,,0,,N,0,,0,10,US00,0,,US02,,Atomatic operation,,,
1,1837142,1,,0,,N,0,,0,10,US00,0,,US02,,Atomatic operation,,,
1,1845484,1,,0,,N,0,,0,10,US01,10005775,,US02,MMIA001,ASSEMBLY,,,
1,1845645,1,,0,,N,0,,0,10,US00,0,,US02,,Atomatic operation,,,
1,1845646,1,,0,,N,0,,0,10,US00,0,,US02,,Atomatic operation,,,
1,1845647,1,,0,,N,0,,0,10,US00,0,,US02,,Atomatic operation,,,
1,1845648,1,,0,,N,0,,0,10,US01,10005775,,US02,MMIA001,ASSEMBLY,,,
1,1845649,1,,0,,N,0,,0,10,US00,0,,US02,,Atomatic operation,,,
1,1845650,1,,0,,N,0,,0,10,US00,0,,US02,,Atomatic operation,,,
1,1851465,1,,0,,N,0,,0,10,US00,0,,US02,,Atomatic operation,,,
1,1853887,1,0,1,1,N,0,50338690,1,10,US01,10005775,,US02,MMIA001,ASSEMBLY,,EN,
1,1853887,2,0,2,1,N,0,50338690,2,20,US01,10005778,,US02,MMQA001,QUALITY,,,
1,1853887,3,0,3,1,N,0,50338690,3,30,US01,10005775,,US02,MMIA001,ASSEMBLY,,,
1,1853887,4,0,4,1,N,0,50338690,4,40,US01,10005778,,US02,MMQA001,QUALITY,,,
1,1853887,5,0,5,1,N,0,50338690,5,50,US01,10005775,,US02,MMIA001,ASSEMBLY,,,
1,1853887,6,0,6,1,N,0,50338690,6,60,US01,10005778,,US02,MMQA001,QUALITY,,,
1,1853887,7,0,7,1,N,0,50338690,7,70,US01,10005775,,US02,MMIA001,ASSEMBLY,,,
1,1853887,8,0,8,1,N,0,50338690,8,80,US01,10005778,,US02,MMQA001,QUALITY,,,
1,1853887,9,0,9,1,N,0,50338690,9,90,US01,10005776,,US02,MMIP001,PAINTING,,,
1,1853887,10,0,10,1,N,0,50338690,10,100,US01,10005775,,US02,MMIA001,ASSEMBLY,,,
1,1853887,11,0,11,1,N,0,50338690,11,110,US01,10005778,,US02,MMQA001,QUALITY,,EN,
1,1853921,1,0,1,1,N,0,50338690,1,10,US01,10005775,,US02,MMIA001,ASSEMBLY,,EN,
1,1853921,2,0,2,1,N,0,50338690,2,20,US01,10005778,,US02,MMQA001,QUALITY,,,
1,1853921,3,0,3,1,N,0,50338690,3,30,US01,10005775,,US02,MMIA001,ASSEMBLY,,,
1,1853921,4,0,4,1,N,0,50338690,4,40,US01,10005778,,US02,MMQA001,QUALITY,,,
1,1853921,5,0,5,1,N,0,50338690,5,50,US01,10005775,,US02,MMIA001,ASSEMBLY,,,
1,1853921,6,0,6,1,N,0,50338690,6,60,US01,10005778,,US02,MMQA001,QUALITY,,,
1,1853921,7,0,7,1,N,0,50338690,7,70,US01,10005775,,US02,MMIA001,ASSEMBLY,,,
1,1853921,8,0,8,1,N,0,50338690,8,80,US01,10005778,,US02,MMQA001,QUALITY,,,
1,1853921,9,0,9,1,N,0,50338690,9,90,US01,10005776,,US02,MMIP001,PAINTING,,,
1,1853921,10,0,10,1,N,0,50338690,10,100,US01,10005775,,US02,MMIA001,ASSEMBLY,,,
1,1853921,11,0,11,1,N,0,50338690,11,110,US01,10005778,,US02,MMQA001,QUALITY,,EN,
1,1853922,1,0,1,1,N,0,50338690,1,10,US01,10005775,,US02,MMIA001,ASSEMBLY,,EN,
1,1853922,2,0,2,1,N,0,50338690,2,20,US01,10005778,,US02,MMQA001,QUALITY,,,
1,1853922,3,0,3,1,N,0,50338690,3,30,US01,10005775,,US02,MMIA001,ASSEMBLY,,,
1,1853922,4,0,4,1,N,0,50338690,4,40,US01,10005778,,US02,MMQA001,QUALITY,,,
1,1853922,5,0,5,1,N,0,50338690,5,50,US01,10005775,,US02,MMIA001,ASSEMBLY,,,
1,1853922,6,0,6,1,N,0,50338690,6,60,US01,10005778,,US02,MMQA001,QUALITY,,,
1,1853922,7,0,7,1,N,0,50338690,7,70,US01,10005775,,US02,MMIA001,ASSEMBLY,,,
1,1853922,8,0,8,1,N,0,50338690,8,80,US01,10005778,,US02,MMQA001,QUALITY,,,
1,1853922,9,0,9,1,N,0,50338690,9,90,US01,10005776,,US02,MMIP001,PAINTING,,,
1,1853922,10,0,10,1,N,0,50338690,10,100,US01,10005775,,US02,MMIA001,ASSEMBLY,,,
1,1853922,11,0,11,1,N,0,50338690,11,110,US01,10005778,,US02,MMQA001,QUALITY,,EN,
1,1853923,1,,0,,N,0,,0,10,US00,0,,US02,,Atomatic operation,,,
1,1853924,1,,0,,N,0,,0,10,US00,0,,US02,,Atomatic operation,,,
1,1853925,1,,0,,N,0,,0,10,US00,0,,US02,,Atomatic operation,,,
1,1864916,1,,0,,N,0,,0,10,US00,0,,US02,,Atomatic operation,,,
1,1864917,1,,0,,N,0,,0,10,US00,0,,US02,,Atomatic operation,,,
1,1864918,1,,0,,N,0,,0,10,US00,0,,US02,,Atomatic operation,,,
1,1864919,1,,0,,N,0,,0,10,US00,0,,US02,,Atomatic operation,,,
1,1864920,1,,0,,N,0,,0,10,US00,0,,US02,,Atomatic operation,,,
1,1864933,1,,0,,N,0,,0,10,US00,0,,US02,,Atomatic operation,,,
1,1867764,1,,0,,N,0,,0,10,US01,10005778,,US02,MMQA001,QUALITY,,,
1,1868162,1,0,1,1,N,0,50338690,1,10,US01,10005775,,US02,MMIA001,ASSEMBLY,,EN,
1,1868162,2,0,2,1,N,0,50338690,2,20,US01,10005778,,US02,MMQA001,QUALITY,,,
1,1868162,3,0,3,1,N,0,50338690,3,30,US01,10005775,,US02,MMIA001,ASSEMBLY,,,
1,1868162,4,0,4,1,N,0,50338690,4,40,US01,10005778,,US02,MMQA001,QUALITY,,,
1,1868162,5,0,5,1,N,0,50338690,5,50,US01,10005775,,US02,MMIA001,ASSEMBLY,,,
1,1868162,6,0,6,1,N,0,50338690,6,60,US01,10005778,,US02,MMQA001,QUALITY,,,
1,1868162,7,0,7,1,N,0,50338690,7,70,US01,10005775,,US02,MMIA001,ASSEMBLY,,,
1,1868162,8,0,8,1,N,0,50338690,8,80,US01,10005778,,US02,MMQA001,QUALITY,,,
1,1868162,9,0,9,1,N,0,50338690,9,90,US01,10005776,,US02,MMIP001,PAINTING,,,
1,1868162,10,0,10,1,N,0,50338690,10,100,US01,10005775,,US02,MMIA001,ASSEMBLY,,,
1,1868162,11,0,11,1,N,0,50338690,11,110,US01,10005778,,US02,MMQA001,QUALITY,,EN,
1,1874207,1,,0,,N,0,,0,10,US00,0,,US02,,Atomatic operation,,,
1,1874208,1,,0,,N,0,,0,10,US00,0,,US02,,Atomatic operation,,,
1,1878029,1,,0,,N,0,,0,10,US00,0,,US02,,Atomatic operation,,,
1,1884627,1,,0,,N,0,,0,10,US00,0,,US02,,Atomatic operation,,,
1,1884628,1,,0,,N,0,,0,10,US00,0,,US02,,Atomatic operation,,,
1,1884629,1,,0,,N,0,,0,10,US00,0,,US02,,Atomatic operation,,,
1,1884630,1,,0,,N,0,,0,10,US00,0,,US02,,Atomatic operation,,,
1,1884631,1,,0,,N,0,,0,10,US00,0,,US02,,Atomatic operation,,,
1,1884792,1,,0,,N,0,,0,10,US00,0,,US02,,Atomatic operation,,,
1,1884793,1,,0,,N,0,,0,10,US00,0,,US02,,Atomatic operation,,,
1,1884794,1,,0,,N,0,,0,10,US00,0,,US02,,Atomatic operation,,,
1,1884795,1,,0,,N,0,,0,10,US00,0,,US02,,Atomatic operation,,,
1,1884796,1,,0,,N,0,,0,10,US00,0,,US02,,Atomatic operation,,,
1,1884797,1,,0,,N,0,,0,10,US00,0,,US02,,Atomatic operation,,,
1,1884798,1,,0,,N,0,,0,10,US00,0,,US02,,Atomatic operation,,,
1,1884799,1,,0,,N,0,,0,10,US00,0,,US02,,Atomatic operation,,,
1,1884800,1,,0,,N,0,,0,10,US00,0,,US02,,Atomatic operation,,,
1,1884801,1,,0,,N,0,,0,10,US00,0,,US02,,Atomatic operation,,,
1,1884802,1,,0,,N,0,,0,10,US00,0,,US02,,Atomatic operation,,,
1,1884803,1,,0,,N,0,,0,10,US00,0,,US02,,Atomatic operation,,,
1,1884804,1,,0,,N,0,,0,10,US00,0,,US02,,Atomatic operation,,,
1,1884805,1,,0,,N,0,,0,10,US00,0,,US02,,Atomatic operation,,,
1,1884806,1,,0,,N,0,,0,10,US00,0,,US02,,Atomatic operation,,,
1,1899765,1,0,1,1,N,0,50354896,1,10,US01,10005775,,US02,MMIA001,ASSEMBLY,,EN,
1,1899765,2,0,2,1,N,0,50354896,2,20,US01,10005778,,US02,MMQA001,QUALITY,,,
1,1899765,3,0,3,1,N,0,50354896,3,30,US01,10005775,,US02,MMIA001,ASSEMBLY,,,
1,1899765,4,0,4,1,N,0,50354896,4,40,US01,10005778,,US02,MMQA001,QUALITY,,,
1,1899765,5,0,5,1,N,0,50354896,5,50,US01,10005775,,US02,MMIA001,ASSEMBLY,,,
1,1899765,6,0,6,1,N,0,50354896,6,60,US01,10005778,,US02,MMQA001,QUALITY,,,
1,1899765,7,0,7,1,N,0,50354896,7,70,US01,10005775,,US02,MMIA001,ASSEMBLY,,,
1,1899765,8,0,8,1,N,0,50354896,8,80,US01,10005778,,US02,MMQA001,QUALITY,,,
1,1899765,9,0,9,1,N,0,50354896,9,90,US01,10005775,,US02,MMIA001,ASSEMBLY,,,
1,1899765,10,0,10,1,N,0,50354896,10,100,US01,10005778,,US02,MMQA001,QUALITY,,,
1,1899765,11,0,13,1,N,0,50354896,13,110,US01,10005776,,US02,MMIP001,PAINTING,,,
1,1899765,12,0,14,1,N,0,50354896,14,120,US01,10005775,,US02,MMIA001,ASSEMBLY,,,
1,1899765,13,0,15,1,N,0,50354896,15,130,US01,10005778,,US02,MMQA001,QUALITY,,EN,
1,1899766,1,0,1,1,N,0,50354896,1,10,US01,10005775,,US02,MMIA001,ASSEMBLY,,EN,
1,1899766,2,0,2,1,N,0,50354896,2,20,US01,10005778,,US02,MMQA001,QUALITY,,,
1,1899766,3,0,3,1,N,0,50354896,3,30,US01,10005775,,US02,MMIA001,ASSEMBLY,,,
1,1899766,4,0,4,1,N,0,50354896,4,40,US01,10005778,,US02,MMQA001,QUALITY,,,
1,1899766,5,0,5,1,N,0,50354896,5,50,US01,10005775,,US02,MMIA001,ASSEMBLY,,,
1,1899766,6,0,6,1,N,0,50354896,6,60,US01,10005778,,US02,MMQA001,QUALITY,,,
1,1899766,7,0,7,1,N,0,50354896,7,70,US01,10005775,,US02,MMIA001,ASSEMBLY,,,
1,1899766,8,0,8,1,N,0,50354896,8,80,US01,10005778,,US02,MMQA001,QUALITY,,,
1,1899766,9,0,9,1,N,0,50354896,9,90,US01,10005775,,US02,MMIA001,ASSEMBLY,,,
1,1899766,10,0,10,1,N,0,50354896,10,100,US01,10005778,,US02,MMQA001,QUALITY,,,
1,1899766,11,0,13,1,N,0,50354896,13,110,US01,10005776,,US02,MMIP001,PAINTING,,,
1,1899766,12,0,14,1,N,0,50354896,14,120,US01,10005775,,US02,MMIA001,ASSEMBLY,,,
1,1899766,13,0,15,1,N,0,50354896,15,130,US01,10005778,,US02,MMQA001,QUALITY,,EN,
1,1899767,1,0,1,1,N,0,50354896,1,10,US01,10005775,,US02,MMIA001,ASSEMBLY,,EN,
1,1899767,2,0,2,1,N,0,50354896,2,20,US01,10005778,,US02,MMQA001,QUALITY,,,
1,1899767,3,0,3,1,N,0,50354896,3,30,US01,10005775,,US02,MMIA001,ASSEMBLY,,,
1,1899767,4,0,4,1,N,0,50354896,4,40,US01,10005778,,US02,MMQA001,QUALITY,,,
1,1899767,5,0,5,1,N,0,50354896,5,50,US01,10005775,,US02,MMIA001,ASSEMBLY,,,
1,1899767,6,0,6,1,N,0,50354896,6,60,US01,10005778,,US02,MMQA001,QUALITY,,,
1,1899767,7,0,7,1,N,0,50354896,7,70,US01,10005775,,US02,MMIA001,ASSEMBLY,,,
1,1899767,8,0,8,1,N,0,50354896,8,80,US01,10005778,,US02,MMQA001,QUALITY,,,
1,1899767,9,0,9,1,N,0,50354896,9,90,US01,10005775,,US02,MMIA001,ASSEMBLY,,,
1,1899767,10,0,10,1,N,0,50354896,10,100,US01,10005778,,US02,MMQA001,QUALITY,,,
1,1899767,11,0,13,1,N,0,50354896,13,110,US01,10005776,,US02,MMIP001,PAINTING,,,
1,1899767,12,0,14,1,N,0,50354896,14,120,US01,10005775,,US02,MMIA001,ASSEMBLY,,,
1,1899767,13,0,15,1,N,0,50354896,15,130,US01,10005778,,US02,MMQA001,QUALITY,,EN,
1,1902124,1,,0,,N,0,,0,10,US00,0,,US02,,Atomatic operation,,,
1,1904404,1,,0,,N,0,,0,10,US00,0,,US02,,Atomatic operation,,,
1,1906656,1,,0,,N,0,,0,10,US01,10005775,,US02,MMIA001,ASSEMBLY,,,
1,1906919,1,,0,,N,0,,0,10,US01,10005775,,US02,MMIA001,ASSEMBLY,,,
1,1906925,1,,0,,N,0,,0,10,US01,10005775,,US02,MMIA001,ASSEMBLY,,,
1,1906927,1,,0,,N,0,,0,10,US01,10005775,,US02,MMIA001,ASSEMBLY,,,
1,1907153,1,0,1,1,N,0,50338690,1,10,US01,10005775,,US02,MMIA001,ASSEMBLY,,EN,
1,1907154,1,0,1,1,N,0,50354899,1,10,US01,10005775,,US02,MMIA001,ASSEMBLY,,EN,
1,1907155,1,0,1,1,N,0,50354899,1,10,US01,10005775,,US02,MMIA001,ASSEMBLY,,EN,
1,1907156,1,0,1,1,N,0,50354899,1,10,US01,10005775,,US02,MMIA001,ASSEMBLY,,EN,
1,1907157,1,0,1,1,N,0,50354899,1,10,US01,10005775,,US02,MMIA001,ASSEMBLY,,EN,
1,1918351,1,0,1,1,N,0,50354896,1,10,US01,10005775,,US02,MMIA001,ASSEMBLY,,EN,
1,1918351,2,0,2,1,N,0,50354896,2,20,US01,10005778,,US02,MMQA001,QUALITY,,,
1,1918351,3,0,3,1,N,0,50354896,3,30,US01,10005775,,US02,MMIA001,ASSEMBLY,,,
1,1918351,4,0,4,1,N,0,50354896,4,40,US01,10005778,,US02,MMQA001,QUALITY,,,
1,1918351,5,0,5,1,N,0,50354896,5,50,US01,10005775,,US02,MMIA001,ASSEMBLY,,,
1,1918351,6,0,6,1,N,0,50354896,6,60,US01,10005778,,US02,MMQA001,QUALITY,,,
1,1918351,7,0,7,1,N,0,50354896,7,70,US01,10005775,,US02,MMIA001,ASSEMBLY,,,
1,1918351,8,0,8,1,N,0,50354896,8,80,US01,10005778,,US02,MMQA001,QUALITY,,,
1,1918351,9,0,9,1,N,0,50354896,9,90,US01,10005775,,US02,MMIA001,ASSEMBLY,,,
1,1918351,10,0,10,1,N,0,50354896,10,100,US01,10005778,,US02,MMQA001,QUALITY,,,
1,1918351,11,0,13,1,N,0,50354896,13,110,US01,10005776,,US02,MMIP001,PAINTING,,,
1,1918351,12,0,14,1,N,0,50354896,14,120,US01,10005775,,US02,MMIA001,ASSEMBLY,,,
1,1918351,13,0,15,1,N,0,50354896,15,130,US01,10005778,,US02,MMQA001,QUALITY,,EN,
1,1921629,1,0,1,1,N,0,50338688,1,10,US01,10005775,,US02,MMIA001,ASSEMBLY,,EN,
1,1921629,2,,0,,N,0,,0,20,US01,10005778,,US02,MMQA001,QUALITY,,,
1,1921629,3,,0,,N,0,,0,30,US01,10005775,,US02,MMIA001,ASSEMBLY,,,
1,1921629,4,,0,,N,0,,0,40,US01,10005778,,US02,MMQA001,QUALITY,,,
1,1921629,5,,0,,N,0,,0,50,US01,10005775,,US02,MMIA001,ASSEMBLY,,,
1,1921629,6,,0,,N,0,,0,60,US01,10005778,,US02,MMQA001,QUALITY,,,
1,1921629,7,,0,,N,0,,0,70,US01,10005775,,US02,MMIA001,ASSEMBLY,,,
1,1921629,8,,0,,N,0,,0,80,US01,10005778,,US02,MMQA001,QUALITY,,,
1,1921629,9,,0,,N,0,,0,90,US01,10005775,,US02,MMIA001,ASSEMBLY,,,
1,1921629,10,,0,,N,0,,0,100,US01,10005778,,US02,MMQA001,QUALITY,,,
1,1921629,11,,0,,N,0,,0,110,US01,10005775,,US02,MMIA001,ASSEMBLY,,,
1,1921629,12,,0,,N,0,,0,120,US01,10005778,,US02,MMQA001,QUALITY,,,
1,1921629,13,,0,,N,0,,0,130,US01,10005776,,US02,MMIP001,PAINTING,,,
1,1921629,14,,0,,N,0,,0,140,US01,10005778,,US02,MMQA001,QUALITY,,,
1,1925037,1,0,1,1,N,0,50354899,1,10,US01,10005775,,US02,MMIA001,ASSEMBLY,,EN,
1,1925037,2,,0,,N,0,,0,20,US01,10005778,,US02,MMQA001,QUALITY,,,
1,1925037,3,,0,,N,0,,0,30,US01,10005775,,US02,MMIA001,ASSEMBLY,,,
1,1925037,4,,0,,N,0,,0,40,US01,10005778,,US02,MMQA001,QUALITY,,,
1,1925037,5,,0,,N,0,,0,50,US01,10005775,,US02,MMIA001,ASSEMBLY,,,
1,1925037,6,,0,,N,0,,0,60,US01,10005778,,US02,MMQA001,QUALITY,,,
1,1925037,7,,0,,N,0,,0,70,US01,10005775,,US02,MMIA001,ASSEMBLY,,,
1,1925037,8,,0,,N,0,,0,80,US01,10005778,,US02,MMQA001,QUALITY,,,
1,1925037,9,,0,,N,0,,0,90,US01,10005775,,US02,MMIA001,ASSEMBLY,,,
1,1925037,10,,0,,N,0,,0,100,US01,10005778,,US02,MMQA001,QUALITY,,,
1,1925037,11,,0,,N,0,,0,110,US01,10005776,,US02,MMIP001,PAINTING,,,
1,1925037,12,,0,,N,0,,0,120,US01,10005775,,US02,MMIA001,ASSEMBLY,,,
1,1925037,13,,0,,N,0,,0,130,US01,10005778,,US02,MMQA001,QUALITY,,,
1,1925038,1,0,1,1,N,0,50354899,1,10,US01,10005775,,US02,MMIA001,ASSEMBLY,,EN,
1,1925038,2,,0,,N,0,,0,20,US01,10005778,,US02,MMQA001,QUALITY,,,
1,1925038,3,,0,,N,0,,0,30,US01,10005775,,US02,MMIA001,ASSEMBLY,,,
1,1925038,4,,0,,N,0,,0,40,US01,10005778,,US02,MMQA001,QUALITY,,,
1,1925038,5,,0,,N,0,,0,50,US01,10005775,,US02,MMIA001,ASSEMBLY,,,
1,1925038,6,,0,,N,0,,0,60,US01,10005778,,US02,MMQA001,QUALITY,,,
1,1925038,7,,0,,N,0,,0,70,US01,10005775,,US02,MMIA001,ASSEMBLY,,,
1,1925038,8,,0,,N,0,,0,80,US01,10005778,,US02,MMQA001,QUALITY,,,
1,1925038,9,,0,,N,0,,0,90,US01,10005775,,US02,MMIA001,ASSEMBLY,,,
1,1925038,10,,0,,N,0,,0,100,US01,10005778,,US02,MMQA001,QUALITY,,,
1,1925038,11,,0,,N,0,,0,110,US01,10005776,,US02,MMIP001,PAINTING,,,
1,1925038,12,,0,,N,0,,0,120,US01,10005775,,US02,MMIA001,ASSEMBLY,,,
1,1925038,13,,0,,N,0,,0,130,US01,10005778,,US02,MMQA001,QUALITY,,,
1,1928457,1,,0,,N,0,,0,10,US00,0,,US02,,Atomatic operation,,,
1,1928462,1,,0,,N,0,,0,10,US00,0,,US02,,Atomatic operation,,,
1,1928463,1,,0,,N,0,,0,10,US00,0,,US02,,Atomatic operation,,,
1,1928464,1,,0,,N,0,,0,10,US00,0,,US02,,Atomatic operation,,,
1,1928465,1,,0,,N,0,,0,10,US00,0,,US02,,Atomatic operation,,,
1,1928466,1,,0,,N,0,,0,10,US00,0,,US02,,Atomatic operation,,,
1,1928467,1,,0,,N,0,,0,10,US00,0,,US02,,Atomatic operation,,,
1,1928468,1,,0,,N,0,,0,10,US00,0,,US02,,Atomatic operation,,,
1,1928469,1,,0,,N,0,,0,10,US00,0,,US02,,Atomatic operation,,,
1,1928470,1,,0,,N,0,,0,10,US00,0,,US02,,Atomatic operation,,,
1,1928471,1,,0,,N,0,,0,10,US00,0,,US02,,Atomatic operation,,,
1,1928532,1,,0,,N,0,,0,10,US00,0,,US02,,Atomatic operation,,,
1,1928536,1,,0,,N,0,,0,10,US00,0,,US02,,Atomatic operation,,,
1,1928537,1,,0,,N,0,,0,10,US00,0,,US02,,Atomatic operation,,,
1,1928539,1,,0,,N,0,,0,10,US00,0,,US02,,Atomatic operation,,,
1,1928540,1,,0,,N,0,,0,10,US00,0,,US02,,Atomatic operation,,,
1,1928541,1,,0,,N,0,,0,10,US00,0,,US02,,Atomatic operation,,,
1,1928542,1,,0,,N,0,,0,10,US00,0,,US02,,Atomatic operation,,,
1,1928543,1,,0,,N,0,,0,10,US00,0,,US02,,Atomatic operation,,,
1,1928544,1,,0,,N,0,,0,10,US00,0,,US02,,Atomatic operation,,,
1,1928545,1,,0,,N,0,,0,10,US00,0,,US02,,Atomatic operation,,,
1,1928546,1,,0,,N,0,,0,10,US00,0,,US02,,Atomatic operation,,,
1,1928547,1,,0,,N,0,,0,10,US00,0,,US02,,Atomatic operation,,,
1,1928549,1,,0,,N,0,,0,10,US00,0,,US02,,Atomatic operation,,,
1,1928550,1,,0,,N,0,,0,10,US00,0,,US02,,Atomatic operation,,,
1,1928551,1,,0,,N,0,,0,10,US00,0,,US02,,Atomatic operation,,,
1,1928552,1,,0,,N,0,,0,10,US00,0,,US02,,Atomatic operation,,,
1,1928553,1,,0,,N,0,,0,10,US00,0,,US02,,Atomatic operation,,,
1,1928555,1,,0,,N,0,,0,10,US00,0,,US02,,Atomatic operation,,,
1,1928556,1,,0,,N,0,,0,10,US00,0,,US02,,Atomatic operation,,,
1,1928557,1,,0,,N,0,,0,10,US00,0,,US02,,Atomatic operation,,,
1,1928559,1,,0,,N,0,,0,10,US00,0,,US02,,Atomatic operation,,,
1,1928560,1,,0,,N,0,,0,10,US00,0,,US02,,Atomatic operation,,,
1,1928561,1,,0,,N,0,,0,10,US00,0,,US02,,Atomatic operation,,,
1,1928562,1,,0,,N,0,,0,10,US00,0,,US02,,Atomatic operation,,,
1,1928563,1,,0,,N,0,,0,10,US00,0,,US02,,Atomatic operation,,,
1,1928564,1,,0,,N,0,,0,10,US00,0,,US02,,Atomatic operation,,,
1,1928565,1,,0,,N,0,,0,10,US00,0,,US02,,Atomatic operation,,,
1,1933923,1,0,1,1,N,0,50354896,1,10,US01,10005775,,US02,MMIA001,ASSEMBLY,,EN,
1,1933923,2,0,2,1,N,0,50354896,2,20,US01,10005778,,US02,MMQA001,QUALITY,,,
1,1933923,3,0,3,1,N,0,50354896,3,30,US01,10005775,,US02,MMIA001,ASSEMBLY,,,
1,1933923,4,0,4,1,N,0,50354896,4,40,US01,10005778,,US02,MMQA001,QUALITY,,,
1,1933923,5,0,5,1,N,0,50354896,5,50,US01,10005775,,US02,MMIA001,ASSEMBLY,,,
1,1933923,6,0,6,1,N,0,50354896,6,60,US01,10005778,,US02,MMQA001,QUALITY,,,
1,1933923,7,0,7,1,N,0,50354896,7,70,US01,10005775,,US02,MMIA001,ASSEMBLY,,,
1,1933923,8,0,8,1,N,0,50354896,8,80,US01,10005778,,US02,MMQA001,QUALITY,,,
1,1933923,9,0,9,1,N,0,50354896,9,90,US01,10005775,,US02,MMIA001,ASSEMBLY,,,
1,1933923,10,0,10,1,N,0,50354896,10,100,US01,10005778,,US02,MMQA001,QUALITY,,,
1,1933923,11,0,13,1,N,0,50354896,13,110,US01,10005776,,US02,MMIP001,PAINTING,,,
1,1933923,12,0,14,1,N,0,50354896,14,120,US01,10005775,,US02,MMIA001,ASSEMBLY,,,
1,1933923,13,0,15,1,N,0,50354896,15,130,US01,10005778,,US02,MMQA001,QUALITY,,EN,
1,1933924,1,0,1,1,N,0,50354896,1,10,US01,10005775,,US02,MMIA001,ASSEMBLY,,EN,
1,1933924,2,0,2,1,N,0,50354896,2,20,US01,10005778,,US02,MMQA001,QUALITY,,,
1,1933924,3,0,3,1,N,0,50354896,3,30,US01,10005775,,US02,MMIA001,ASSEMBLY,,,
1,1933924,4,0,4,1,N,0,50354896,4,40,US01,10005778,,US02,MMQA001,QUALITY,,,
1,1933924,5,0,5,1,N,0,50354896,5,50,US01,10005775,,US02,MMIA001,ASSEMBLY,,,
1,1933924,6,0,6,1,N,0,50354896,6,60,US01,10005778,,US02,MMQA001,QUALITY,,,
1,1933924,7,0,7,1,N,0,50354896,7,70,US01,10005775,,US02,MMIA001,ASSEMBLY,,,
1,1933924,8,0,8,1,N,0,50354896,8,80,US01,10005778,,US02,MMQA001,QUALITY,,,
1,1933924,9,0,9,1,N,0,50354896,9,90,US01,10005775,,US02,MMIA001,ASSEMBLY,,,
1,1933924,10,0,10,1,N,0,50354896,10,100,US01,10005778,,US02,MMQA001,QUALITY,,,
1,1933924,11,0,13,1,N,0,50354896,13,110,US01,10005776,,US02,MMIP001,PAINTING,,,
1,1933924,12,0,14,1,N,0,50354896,14,120,US01,10005775,,US02,MMIA001,ASSEMBLY,,,
1,1933924,13,0,15,1,N,0,50354896,15,130,US01,10005778,,US02,MMQA001,QUALITY,,EN,
1,1934225,1,0,1,1,N,0,50338690,1,10,US01,10005775,,US02,MMIA001,ASSEMBLY,,EN,
1,1934225,2,0,2,1,N,0,50338690,2,20,US01,10005778,,US02,MMQA001,QUALITY,,,
1,1934225,3,0,3,1,N,0,50338690,3,30,US01,10005775,,US02,MMIA001,ASSEMBLY,,,
1,1934225,4,0,4,1,N,0,50338690,4,40,US01,10005778,,US02,MMQA001,QUALITY,,,
1,1934225,5,0,5,1,N,0,50338690,5,50,US01,10005775,,US02,MMIA001,ASSEMBLY,,,
1,1934225,6,0,6,1,N,0,50338690,6,60,US01,10005778,,US02,MMQA001,QUALITY,,,
1,1934225,7,0,7,1,N,0,50338690,7,70,US01,10005775,,US02,MMIA001,ASSEMBLY,,,
1,1934225,8,0,8,1,N,0,50338690,8,80,US01,10005778,,US02,MMQA001,QUALITY,,,
1,1934225,9,0,9,1,N,0,50338690,9,90,US01,10005776,,US02,MMIP001,PAINTING,,,
1,1934225,10,0,10,1,N,0,50338690,10,100,US01,10005775,,US02,MMIA001,ASSEMBLY,,,
1,1934225,11,0,11,1,N,0,50338690,11,110,US01,10005778,,US02,MMQA001,QUALITY,,EN,
1,1939865,1,,0,,N,0,,0,10,US00,0,,US02,,Atomatic operation,,,
1,1939871,1,0,1,1,N,0,50338690,1,10,US01,10005775,,US02,MMIA001,ASSEMBLY,,EN,
1,1939871,2,0,2,1,N,0,50338690,2,20,US01,10005778,,US02,MMQA001,QUALITY,,,
1,1939871,3,0,3,1,N,0,50338690,3,30,US01,10005775,,US02,MMIA001,ASSEMBLY,,,
1,1939871,4,0,4,1,N,0,50338690,4,40,US01,10005778,,US02,MMQA001,QUALITY,,,
1,1939871,5,0,5,1,N,0,50338690,5,50,US01,10005775,,US02,MMIA001,ASSEMBLY,,,
1,1939871,6,0,6,1,N,0,50338690,6,60,US01,10005778,,US02,MMQA001,QUALITY,,,
1,1939871,7,0,7,1,N,0,50338690,7,70,US01,10005775,,US02,MMIA001,ASSEMBLY,,,
1,1939871,8,0,8,1,N,0,50338690,8,80,US01,10005778,,US02,MMQA001,QUALITY,,,
1,1939871,9,0,9,1,N,0,50338690,9,90,US01,10005776,,US02,MMIP001,PAINTING,,,
1,1939871,10,0,10,1,N,0,50338690,10,100,US01,10005775,,US02,MMIA001,ASSEMBLY,,,
1,1939871,11,0,11,1,N,0,50338690,11,110,US01,10005778,,US02,MMQA001,QUALITY,,EN,
1,1944667,1,,0,,N,0,,0,10,US00,0,,US02,,Atomatic operation,,,
1,1946539,1,,0,,N,0,,0,10,US00,0,,US02,,Atomatic operation,,,
1,1949263,1,,0,,N,0,,0,10,US00,0,,US02,,Atomatic operation,,,
1,1951275,1,,0,,N,0,,0,10,US00,0,,US02,,Atomatic operation,,,
1,1951333,1,,0,,N,0,,0,10,US00,0,,US02,,Atomatic operation,,,
1,1951452,1,0,1,1,N,0,50354896,1,10,US01,10005775,,US02,MMIA001,ASSEMBLY,,EN,
1,1951452,2,0,2,1,N,0,50354896,2,20,US01,10005778,,US02,MMQA001,QUALITY,,,
1,1951452,3,0,3,1,N,0,50354896,3,30,US01,10005775,,US02,MMIA001,ASSEMBLY,,,
1,1951452,4,0,4,1,N,0,50354896,4,40,US01,10005778,,US02,MMQA001,QUALITY,,,
1,1951452,5,0,5,1,N,0,50354896,5,50,US01,10005775,,US02,MMIA001,ASSEMBLY,,,
1,1951452,6,0,6,1,N,0,50354896,6,60,US01,10005778,,US02,MMQA001,QUALITY,,,
1,1951452,7,0,7,1,N,0,50354896,7,70,US01,10005775,,US02,MMIA001,ASSEMBLY,,,
1,1951452,8,0,8,1,N,0,50354896,8,80,US01,10005778,,US02,MMQA001,QUALITY,,,
1,1951452,9,0,9,1,N,0,50354896,9,90,US01,10005775,,US02,MMIA001,ASSEMBLY,,,
1,1951452,10,0,10,1,N,0,50354896,10,100,US01,10005778,,US02,MMQA001,QUALITY,,,
1,1951452,11,0,13,1,N,0,50354896,13,110,US01,10005776,,US02,MMIP001,PAINTING,,,
1,1951452,12,0,14,1,N,0,50354896,14,120,US01,10005775,,US02,MMIA001,ASSEMBLY,,,
1,1951452,13,0,15,1,N,0,50354896,15,130,US01,10005778,,US02,MMQA001,QUALITY,,EN,
1,1960635,1,,0,,N,0,,0,10,US00,0,,US02,,Atomatic operation,,,
1,1962942,1,,0,,N,0,,0,10,US00,0,,US02,,Atomatic operation,,,
1,1962943,1,,0,,N,0,,0,10,US00,0,,US02,,Atomatic operation,,,
1,1969268,1,,0,,N,0,,0,10,US00,0,,US02,,Atomatic operation,,,
1,1969859,1,,0,,N,0,,0,10,US00,0,,US02,,Atomatic operation,,,
1,1973150,1,,0,,N,0,,0,10,US00,0,,US02,,Atomatic operation,,,
1,2006902,1,,0,,N,0,,0,10,US00,0,,US02,,Atomatic operation,,,
1,2006903,1,,0,,N,0,,0,10,US00,0,,US02,,Atomatic operation,,,
1,2006904,1,,0,,N,0,,0,10,US00,0,,US02,,Atomatic operation,,,
1,2006905,1,,0,,N,0,,0,10,US00,0,,US02,,Atomatic operation,,,
1,2006906,1,,0,,N,0,,0,10,US00,0,,US02,,Atomatic operation,,,
1,2006907,1,,0,,N,0,,0,10,US00,0,,US02,,Atomatic operation,,,
1,2010490,1,,0,,N,0,,0,10,US00,0,,US02,,Atomatic operation,,,
1,2010492,1,,0,,N,0,,0,10,US00,0,,US02,,Atomatic operation,,,
1,2034760,1,0,1,1,N,0,50354897,1,10,US01,10005775,,US02,MMIA001,ASSEMBLY,,EN,
1,2034760,2,0,2,1,N,0,50354897,2,20,US01,10005778,,US02,MMQA001,QUALITY,,,
1,2034760,3,0,3,1,N,0,50354897,3,30,US01,10005775,,US02,MMIA001,ASSEMBLY,,,
1,2034760,4,0,4,1,N,0,50354897,4,40,US01,10005778,,US02,MMQA001,QUALITY,,,
1,2034760,5,0,5,1,N,0,50354897,5,50,US01,10005775,,US02,MMIA001,ASSEMBLY,,,
1,2034760,6,0,6,1,N,0,50354897,6,60,US01,10005778,,US02,MMQA001,QUALITY,,,
1,2034760,7,0,7,1,N,0,50354897,7,70,US01,10005775,,US02,MMIA001,ASSEMBLY,,,
1,2034760,8,0,8,1,N,0,50354897,8,80,US01,10005778,,US02,MMQA001,QUALITY,,,
1,2034760,9,0,9,1,N,0,50354897,9,90,US01,10005775,,US02,MMIA001,ASSEMBLY,,,
1,2034760,10,0,10,1,N,0,50354897,10,100,US01,10005778,,US02,MMQA001,QUALITY,,,
1,2034760,11,0,11,1,N,0,50354897,11,110,US01,10005776,,US02,MMIP001,PAINTING,,,
1,2034760,12,0,12,1,N,0,50354897,12,120,US01,10005775,,US02,MMIA001,ASSEMBLY,,,
1,2034760,13,0,13,1,N,0,50354897,13,130,US01,10005778,,US02,MMQA001,QUALITY,,EN,
1,2034761,1,0,1,1,N,0,50354897,1,10,US01,10005775,,US02,MMIA001,ASSEMBLY,,EN,
1,2034761,2,0,2,1,N,0,50354897,2,20,US01,10005778,,US02,MMQA001,QUALITY,,,
1,2034761,3,0,3,1,N,0,50354897,3,30,US01,10005775,,US02,MMIA001,ASSEMBLY,,,
1,2034761,4,0,4,1,N,0,50354897,4,40,US01,10005778,,US02,MMQA001,QUALITY,,,
1,2034761,5,0,5,1,N,0,50354897,5,50,US01,10005775,,US02,MMIA001,ASSEMBLY,,,
1,2034761,6,0,6,1,N,0,50354897,6,60,US01,10005778,,US02,MMQA001,QUALITY,,,
1,2034761,7,0,7,1,N,0,50354897,7,70,US01,10005775,,US02,MMIA001,ASSEMBLY,,,
1,2034761,8,0,8,1,N,0,50354897,8,80,US01,10005778,,US02,MMQA001,QUALITY,,,
1,2034761,9,0,9,1,N,0,50354897,9,90,US01,10005775,,US02,MMIA001,ASSEMBLY,,,
1,2034761,10,0,10,1,N,0,50354897,10,100,US01,10005778,,US02,MMQA001,QUALITY,,,
1,2034761,11,0,11,1,N,0,50354897,11,110,US01,10005776,,US02,MMIP001,PAINTING,,,
1,2034761,12,0,12,1,N,0,50354897,12,120,US01,10005775,,US02,MMIA001,ASSEMBLY,,,
1,2034761,13,0,13,1,N,0,50354897,13,130,US01,10005778,,US02,MMQA001,QUALITY,,EN,
1,2034762,1,0,1,1,N,0,50354897,1,10,US01,10005775,,US02,MMIA001,ASSEMBLY,,EN,
1,2034762,2,0,2,1,N,0,50354897,2,20,US01,10005778,,US02,MMQA001,QUALITY,,,
1,2034762,3,0,3,1,N,0,50354897,3,30,US01,10005775,,US02,MMIA001,ASSEMBLY,,,
1,2034762,4,0,4,1,N,0,50354897,4,40,US01,10005778,,US02,MMQA001,QUALITY,,,
1,2034762,5,0,5,1,N,0,50354897,5,50,US01,10005775,,US02,MMIA001,ASSEMBLY,,,
1,2034762,6,0,6,1,N,0,50354897,6,60,US01,10005778,,US02,MMQA001,QUALITY,,,
1,2034762,7,0,7,1,N,0,50354897,7,70,US01,10005775,,US02,MMIA001,ASSEMBLY,,,
1,2034762,8,0,8,1,N,0,50354897,8,80,US01,10005778,,US02,MMQA001,QUALITY,,,
1,2034762,9,0,9,1,N,0,50354897,9,90,US01,10005775,,US02,MMIA001,ASSEMBLY,,,
1,2034762,10,0,10,1,N,0,50354897,10,100,US01,10005778,,US02,MMQA001,QUALITY,,,
1,2034762,11,0,11,1,N,0,50354897,11,110,US01,10005776,,US02,MMIP001,PAINTING,,,
1,2034762,12,0,12,1,N,0,50354897,12,120,US01,10005775,,US02,MMIA001,ASSEMBLY,,,
1,2034762,13,0,13,1,N,0,50354897,13,130,US01,10005778,,US02,MMQA001,QUALITY,,EN,
1,2052295,1,0,1,1,N,0,50354898,1,10,US01,10005775,,US02,MMIA001,ASSEMBLY,,EN,
1,2052295,2,0,2,1,N,0,50354898,2,20,US01,10005778,,US02,MMQA001,QUALITY,,,
1,2052295,3,0,3,1,N,0,50354898,3,30,US01,10005775,,US02,MMIA001,ASSEMBLY,,,
1,2052295,4,0,4,1,N,0,50354898,4,40,US01,10005778,,US02,MMQA001,QUALITY,,,
1,2052295,5,0,5,1,N,0,50354898,5,50,US01,10005775,,US02,MMIA001,ASSEMBLY,,,
1,2052295,6,0,8,1,N,0,50354898,8,60,US01,10005778,,US02,MMQA001,QUALITY,,,
1,2052295,7,0,9,1,N,0,50354898,9,70,US01,10005775,,US02,MMIA001,ASSEMBLY,,,
1,2052295,8,0,10,1,N,0,50354898,10,80,US01,10005778,,US02,MMQA001,QUALITY,,,
1,2052295,9,0,11,1,N,0,50354898,11,90,US01,10005776,,US02,MMIP001,PAINTING,,,
1,2052295,10,0,12,1,N,0,50354898,12,100,US01,10005775,,US02,MMIA001,ASSEMBLY,,,
1,2052295,11,0,13,1,N,0,50354898,13,110,US01,10005778,,US02,MMQA001,QUALITY,,EN,
1,2052297,1,0,1,1,N,0,50354898,1,10,US01,10005775,,US02,MMIA001,ASSEMBLY,,EN,
1,2052297,2,0,2,1,N,0,50354898,2,20,US01,10005778,,US02,MMQA001,QUALITY,,,
1,2052297,3,0,3,1,N,0,50354898,3,30,US01,10005775,,US02,MMIA001,ASSEMBLY,,,
1,2052297,4,0,4,1,N,0,50354898,4,40,US01,10005778,,US02,MMQA001,QUALITY,,,
1,2052297,5,0,5,1,N,0,50354898,5,50,US01,10005775,,US02,MMIA001,ASSEMBLY,,,
1,2052297,6,0,8,1,N,0,50354898,8,60,US01,10005778,,US02,MMQA001,QUALITY,,,
1,2052297,7,0,9,1,N,0,50354898,9,70,US01,10005775,,US02,MMIA001,ASSEMBLY,,,
1,2052297,8,0,10,1,N,0,50354898,10,80,US01,10005778,,US02,MMQA001,QUALITY,,,
1,2052297,9,0,11,1,N,0,50354898,11,90,US01,10005776,,US02,MMIP001,PAINTING,,,
1,2052297,10,0,12,1,N,0,50354898,12,100,US01,10005775,,US02,MMIA001,ASSEMBLY,,,
1,2052297,11,0,13,1,N,0,50354898,13,110,US01,10005778,,US02,MMQA001,QUALITY,,EN,
1,2052298,1,0,1,1,N,0,50354898,1,10,US01,10005775,,US02,MMIA001,ASSEMBLY,,EN,
1,2052298,2,0,2,1,N,0,50354898,2,20,US01,10005778,,US02,MMQA001,QUALITY,,,
1,2052298,3,0,3,1,N,0,50354898,3,30,US01,10005775,,US02,MMIA001,ASSEMBLY,,,
1,2052298,4,0,4,1,N,0,50354898,4,40,US01,10005778,,US02,MMQA001,QUALITY,,,
1,2052298,5,0,5,1,N,0,50354898,5,50,US01,10005775,,US02,MMIA001,ASSEMBLY,,,
1,2052298,6,0,8,1,N,0,50354898,8,60,US01,10005778,,US02,MMQA001,QUALITY,,,
1,2052298,7,0,9,1,N,0,50354898,9,70,US01,10005775,,US02,MMIA001,ASSEMBLY,,,
1,2052298,8,0,10,1,N,0,50354898,10,80,US01,10005778,,US02,MMQA001,QUALITY,,,
1,2052298,9,0,11,1,N,0,50354898,11,90,US01,10005776,,US02,MMIP001,PAINTING,,,
1,2052298,10,0,12,1,N,0,50354898,12,100,US01,10005775,,US02,MMIA001,ASSEMBLY,,,
1,2052298,11,0,13,1,N,0,50354898,13,110,US01,10005778,,US02,MMQA001,QUALITY,,EN,
1,2063580,1,,0,,N,0,,0,10,US00,0,,US02,,Atomatic operation,,,
1,2067423,1,,0,,N,0,,0,10,US00,0,,US02,,Atomatic operation,,,
1,2067424,1,,0,,N,0,,0,10,US00,0,,US02,,Atomatic operation,,,
1,2067520,1,0,1,1,N,0,50338690,1,10,US01,10005775,,US02,MMIA001,ASSEMBLY,,EN,
1,2067520,2,0,2,1,N,0,50338690,2,20,US01,10005778,,US02,MMQA001,QUALITY,,,
1,2067520,3,0,3,1,N,0,50338690,3,30,US01,10005775,,US02,MMIA001,ASSEMBLY,,,
1,2067520,4,0,4,1,N,0,50338690,4,40,US01,10005778,,US02,MMQA001,QUALITY,,,
1,2067520,5,0,5,1,N,0,50338690,5,50,US01,10005775,,US02,MMIA001,ASSEMBLY,,,
1,2067520,6,0,6,1,N,0,50338690,6,60,US01,10005778,,US02,MMQA001,QUALITY,,,
1,2067520,7,0,7,1,N,0,50338690,7,70,US01,10005775,,US02,MMIA001,ASSEMBLY,,,
1,2067520,8,0,8,1,N,0,50338690,8,80,US01,10005778,,US02,MMQA001,QUALITY,,,
1,2067520,9,0,9,1,N,0,50338690,9,90,US01,10005776,,US02,MMIP001,PAINTING,,,
1,2067520,10,0,10,1,N,0,50338690,10,100,US01,10005775,,US02,MMIA001,ASSEMBLY,,,
1,2067520,11,0,11,1,N,0,50338690,11,110,US01,10005778,,US02,MMQA001,QUALITY,,EN,
1,2067521,1,0,1,1,N,0,50338690,1,10,US01,10005775,,US02,MMIA001,ASSEMBLY,,EN,
1,2067521,2,0,2,1,N,0,50338690,2,20,US01,10005778,,US02,MMQA001,QUALITY,,,
1,2067521,3,0,3,1,N,0,50338690,3,30,US01,10005775,,US02,MMIA001,ASSEMBLY,,,
1,2067521,4,0,4,1,N,0,50338690,4,40,US01,10005778,,US02,MMQA001,QUALITY,,,
1,2067521,5,0,5,1,N,0,50338690,5,50,US01,10005775,,US02,MMIA001,ASSEMBLY,,,
1,2067521,6,0,6,1,N,0,50338690,6,60,US01,10005778,,US02,MMQA001,QUALITY,,,
1,2067521,7,0,7,1,N,0,50338690,7,70,US01,10005775,,US02,MMIA001,ASSEMBLY,,,
1,2067521,8,0,8,1,N,0,50338690,8,80,US01,10005778,,US02,MMQA001,QUALITY,,,
1,2067521,9,0,9,1,N,0,50338690,9,90,US01,10005776,,US02,MMIP001,PAINTING,,,
1,2067521,10,0,10,1,N,0,50338690,10,100,US01,10005775,,US02,MMIA001,ASSEMBLY,,,
1,2067521,11,0,11,1,N,0,50338690,11,110,US01,10005778,,US02,MMQA001,QUALITY,,EN,
1,2067522,1,0,1,1,N,0,50338690,1,10,US01,10005775,,US02,MMIA001,ASSEMBLY,,EN,
1,2067522,2,0,2,1,N,0,50338690,2,20,US01,10005778,,US02,MMQA001,QUALITY,,,
1,2067522,3,0,3,1,N,0,50338690,3,30,US01,10005775,,US02,MMIA001,ASSEMBLY,,,
1,2067522,4,0,4,1,N,0,50338690,4,40,US01,10005778,,US02,MMQA001,QUALITY,,,
1,2067522,5,0,5,1,N,0,50338690,5,50,US01,10005775,,US02,MMIA001,ASSEMBLY,,,
1,2067522,6,0,6,1,N,0,50338690,6,60,US01,10005778,,US02,MMQA001,QUALITY,,,
1,2067522,7,0,7,1,N,0,50338690,7,70,US01,10005775,,US02,MMIA001,ASSEMBLY,,,
1,2067522,8,0,8,1,N,0,50338690,8,80,US01,10005778,,US02,MMQA001,QUALITY,,,
1,2067522,9,0,9,1,N,0,50338690,9,90,US01,10005776,,US02,MMIP001,PAINTING,,,
1,2067522,10,0,10,1,N,0,50338690,10,100,US01,10005775,,US02,MMIA001,ASSEMBLY,,,
1,2067522,11,0,11,1,N,0,50338690,11,110,US01,10005778,,US02,MMQA001,QUALITY,,EN,
1,2067523,1,0,1,1,N,0,50338690,1,10,US01,10005775,,US02,MMIA001,ASSEMBLY,,EN,
1,2067523,2,0,2,1,N,0,50338690,2,20,US01,10005778,,US02,MMQA001,QUALITY,,,
1,2067523,3,0,3,1,N,0,50338690,3,30,US01,10005775,,US02,MMIA001,ASSEMBLY,,,
1,2067523,4,0,4,1,N,0,50338690,4,40,US01,10005778,,US02,MMQA001,QUALITY,,,
1,2067523,5,0,5,1,N,0,50338690,5,50,US01,10005775,,US02,MMIA001,ASSEMBLY,,,
1,2067523,6,0,6,1,N,0,50338690,6,60,US01,10005778,,US02,MMQA001,QUALITY,,,
1,2067523,7,0,7,1,N,0,50338690,7,70,US01,10005775,,US02,MMIA001,ASSEMBLY,,,
1,2067523,8,0,8,1,N,0,50338690,8,80,US01,10005778,,US02,MMQA001,QUALITY,,,
1,2067523,9,0,9,1,N,0,50338690,9,90,US01,10005776,,US02,MMIP001,PAINTING,,,
1,2067523,10,0,10,1,N,0,50338690,10,100,US01,10005775,,US02,MMIA001,ASSEMBLY,,,
1,2067523,11,0,11,1,N,0,50338690,11,110,US01,10005778,,US02,MMQA001,QUALITY,,EN,
1,2067524,1,0,1,1,N,0,50338689,1,10,US01,10005775,,US02,MMIA001,ASSEMBLY,,EN,
1,2067524,2,0,2,1,N,0,50338689,2,20,US01,10005778,,US02,MMQA001,QUALITY,,,
1,2067524,3,0,3,1,N,0,50338689,3,30,US01,10005775,,US02,MMIA001,ASSEMBLY,,,
1,2067524,4,0,4,1,N,0,50338689,4,40,US01,10005778,,US02,MMQA001,QUALITY,,,
1,2067524,5,0,5,1,N,0,50338689,5,50,US01,10005775,,US02,MMIA001,ASSEMBLY,,,
1,2067524,6,0,6,1,N,0,50338689,6,60,US01,10005778,,US02,MMQA001,QUALITY,,,
1,2067524,7,0,7,1,N,0,50338689,7,70,US01,10005775,,US02,MMIA001,ASSEMBLY,,,
1,2067524,8,0,8,1,N,0,50338689,8,80,US01,10005778,,US02,MMQA001,QUALITY,,,
1,2067524,9,0,9,1,N,0,50338689,9,90,US01,10005775,,US02,MMIA001,ASSEMBLY,,,
1,2067524,10,0,10,1,N,0,50338689,10,100,US01,10005778,,US02,MMQA001,QUALITY,,,
1,2067524,11,0,11,1,N,0,50338689,11,110,US01,10005775,,US02,MMIA001,ASSEMBLY,,,
1,2067524,12,0,12,1,N,0,50338689,12,120,US01,10005778,,US02,MMQA001,QUALITY,,,
1,2067524,13,0,13,1,N,0,50338689,13,130,US01,10005776,,US02,MMIP001,PAINTING,,,
1,2067524,14,0,14,1,N,0,50338689,14,140,US01,10005775,,US02,MMIA001,ASSEMBLY,,,
1,2067524,15,0,15,1,N,0,50338689,15,150,US01,10005778,,US02,MMQA001,QUALITY,,,
1,2067525,1,0,1,1,N,0,50338689,1,10,US01,10005775,,US02,MMIA001,ASSEMBLY,,EN,
1,2067525,2,0,2,1,N,0,50338689,2,20,US01,10005778,,US02,MMQA001,QUALITY,,,
1,2067525,3,0,3,1,N,0,50338689,3,30,US01,10005775,,US02,MMIA001,ASSEMBLY,,,
1,2067525,4,0,4,1,N,0,50338689,4,40,US01,10005778,,US02,MMQA001,QUALITY,,,
1,2067525,5,0,5,1,N,0,50338689,5,50,US01,10005775,,US02,MMIA001,ASSEMBLY,,,
1,2067525,6,0,6,1,N,0,50338689,6,60,US01,10005778,,US02,MMQA001,QUALITY,,,
1,2067525,7,0,7,1,N,0,50338689,7,70,US01,10005775,,US02,MMIA001,ASSEMBLY,,,
1,2067525,8,0,8,1,N,0,50338689,8,80,US01,10005778,,US02,MMQA001,QUALITY,,,
1,2067525,9,0,9,1,N,0,50338689,9,90,US01,10005775,,US02,MMIA001,ASSEMBLY,,,
1,2067525,10,0,10,1,N,0,50338689,10,100,US01,10005778,,US02,MMQA001,QUALITY,,,
1,2067525,11,0,11,1,N,0,50338689,11,110,US01,10005775,,US02,MMIA001,ASSEMBLY,,,
1,2067525,12,0,12,1,N,0,50338689,12,120,US01,10005778,,US02,MMQA001,QUALITY,,,
1,2067525,13,0,13,1,N,0,50338689,13,130,US01,10005776,,US02,MMIP001,PAINTING,,,
1,2067525,14,0,14,1,N,0,50338689,14,140,US01,10005775,,US02,MMIA001,ASSEMBLY,,,
1,2067525,15,0,15,1,N,0,50338689,15,150,US01,10005778,,US02,MMQA001,QUALITY,,,
1,2067526,1,0,1,1,N,0,50338688,1,10,US01,10005775,,US02,MMIA001,ASSEMBLY,,EN,
1,2067526,2,0,2,1,N,0,50338688,2,20,US01,10005778,,US02,MMQA001,QUALITY,,,
1,2067526,3,0,3,1,N,0,50338688,3,30,US01,10005775,,US02,MMIA001,ASSEMBLY,,,
1,2067526,4,0,4,1,N,0,50338688,4,40,US01,10005778,,US02,MMQA001,QUALITY,,,
1,2067526,5,0,5,1,N,0,50338688,5,50,US01,10005775,,US02,MMIA001,ASSEMBLY,,,
1,2067526,6,0,6,1,N,0,50338688,6,60,US01,10005778,,US02,MMQA001,QUALITY,,,
1,2067526,7,0,7,1,N,0,50338688,7,70,US01,10005775,,US02,MMIA001,ASSEMBLY,,,
1,2067526,8,0,8,1,N,0,50338688,8,80,US01,10005778,,US02,MMQA001,QUALITY,,,
1,2067526,9,0,9,1,N,0,50338688,9,130,US01,10005776,,US02,MMIP001,PAINTING,,,
1,2067526,10,0,10,1,N,0,50338688,10,140,US01,10005775,,US02,MMIA001,ASSEMBLY,,,
1,2067526,11,0,11,1,N,0,50338688,11,150,US01,10005778,,US02,MMQA001,QUALITY,,EN,
1,2067526,12,0,12,1,N,0,50338688,12,90,US01,10005775,,US02,MMIA001,ASSEMBLY,,,
1,2067526,13,0,13,1,N,0,50338688,13,100,US01,10005778,,US02,MMQA001,QUALITY,,,
1,2067526,14,0,14,1,N,0,50338688,14,110,US01,10005775,,US02,MMIA001,ASSEMBLY,,,
1,2067526,15,0,15,1,N,0,50338688,15,120,US01,10005778,,US02,MMQA001,QUALITY,,,
1,2067527,1,0,1,1,N,0,50338688,1,10,US01,10005775,,US02,MMIA001,ASSEMBLY,,EN,
1,2067527,2,0,2,1,N,0,50338688,2,20,US01,10005778,,US02,MMQA001,QUALITY,,,
1,2067527,3,0,3,1,N,0,50338688,3,30,US01,10005775,,US02,MMIA001,ASSEMBLY,,,
1,2067527,4,0,4,1,N,0,50338688,4,40,US01,10005778,,US02,MMQA001,QUALITY,,,
1,2067527,5,0,5,1,N,0,50338688,5,50,US01,10005775,,US02,MMIA001,ASSEMBLY,,,
1,2067527,6,0,6,1,N,0,50338688,6,60,US01,10005778,,US02,MMQA001,QUALITY,,,
1,2067527,7,0,7,1,N,0,50338688,7,70,US01,10005775,,US02,MMIA001,ASSEMBLY,,,
1,2067527,8,0,8,1,N,0,50338688,8,80,US01,10005778,,US02,MMQA001,QUALITY,,,
1,2067527,9,0,9,1,N,0,50338688,9,130,US01,10005776,,US02,MMIP001,PAINTING,,,
1,2067527,10,0,10,1,N,0,50338688,10,140,US01,10005775,,US02,MMIA001,ASSEMBLY,,,
1,2067527,11,0,11,1,N,0,50338688,11,150,US01,10005778,,US02,MMQA001,QUALITY,,EN,
1,2067527,12,0,12,1,N,0,50338688,12,90,US01,10005775,,US02,MMIA001,ASSEMBLY,,,
1,2067527,13,0,13,1,N,0,50338688,13,100,US01,10005778,,US02,MMQA001,QUALITY,,,
1,2067527,14,0,14,1,N,0,50338688,14,110,US01,10005775,,US02,MMIA001,ASSEMBLY,,,
1,2067527,15,0,15,1,N,0,50338688,15,120,US01,10005778,,US02,MMQA001,QUALITY,,,
1,2067528,1,0,1,1,N,0,50338688,1,10,US01,10005775,,US02,MMIA001,ASSEMBLY,,EN,
1,2067528,2,0,2,1,N,0,50338688,2,20,US01,10005778,,US02,MMQA001,QUALITY,,,
1,2067528,3,0,3,1,N,0,50338688,3,30,US01,10005775,,US02,MMIA001,ASSEMBLY,,,
1,2067528,4,0,4,1,N,0,50338688,4,40,US01,10005778,,US02,MMQA001,QUALITY,,,
1,2067528,5,0,5,1,N,0,50338688,5,50,US01,10005775,,US02,MMIA001,ASSEMBLY,,,
1,2067528,6,0,6,1,N,0,50338688,6,60,US01,10005778,,US02,MMQA001,QUALITY,,,
1,2067528,7,0,7,1,N,0,50338688,7,70,US01,10005775,,US02,MMIA001,ASSEMBLY,,,
1,2067528,8,0,8,1,N,0,50338688,8,80,US01,10005778,,US02,MMQA001,QUALITY,,,
1,2067528,9,0,9,1,N,0,50338688,9,130,US01,10005776,,US02,MMIP001,PAINTING,,,
1,2067528,10,0,10,1,N,0,50338688,10,140,US01,10005775,,US02,MMIA001,ASSEMBLY,,,
1,2067528,11,0,11,1,N,0,50338688,11,150,US01,10005778,,US02,MMQA001,QUALITY,,EN,
1,2067528,12,0,12,1,N,0,50338688,12,90,US01,10005775,,US02,MMIA001,ASSEMBLY,,,
1,2067528,13,0,13,1,N,0,50338688,13,100,US01,10005778,,US02,MMQA001,QUALITY,,,
1,2067528,14,0,14,1,N,0,50338688,14,110,US01,10005775,,US02,MMIA001,ASSEMBLY,,,
1,2067528,15,0,15,1,N,0,50338688,15,120,US01,10005778,,US02,MMQA001,QUALITY,,,
1,2067529,1,0,1,1,N,0,50338688,1,10,US01,10005775,,US02,MMIA001,ASSEMBLY,,EN,
1,2067529,2,0,2,1,N,0,50338688,2,20,US01,10005778,,US02,MMQA001,QUALITY,,,
1,2067529,3,0,3,1,N,0,50338688,3,30,US01,10005775,,US02,MMIA001,ASSEMBLY,,,
1,2067529,4,0,4,1,N,0,50338688,4,40,US01,10005778,,US02,MMQA001,QUALITY,,,
1,2067529,5,0,5,1,N,0,50338688,5,50,US01,10005775,,US02,MMIA001,ASSEMBLY,,,
1,2067529,6,0,6,1,N,0,50338688,6,60,US01,10005778,,US02,MMQA001,QUALITY,,,
1,2067529,7,0,7,1,N,0,50338688,7,70,US01,10005775,,US02,MMIA001,ASSEMBLY,,,
1,2067529,8,0,8,1,N,0,50338688,8,80,US01,10005778,,US02,MMQA001,QUALITY,,,
1,2067529,9,0,9,1,N,0,50338688,9,130,US01,10005776,,US02,MMIP001,PAINTING,,,
1,2067529,10,0,10,1,N,0,50338688,10,140,US01,10005775,,US02,MMIA001,ASSEMBLY,,,
1,2067529,11,0,11,1,N,0,50338688,11,150,US01,10005778,,US02,MMQA001,QUALITY,,EN,
1,2067529,12,0,12,1,N,0,50338688,12,90,US01,10005775,,US02,MMIA001,ASSEMBLY,,,
1,2067529,13,0,13,1,N,0,50338688,13,100,US01,10005778,,US02,MMQA001,QUALITY,,,
1,2067529,14,0,14,1,N,0,50338688,14,110,US01,10005775,,US02,MMIA001,ASSEMBLY,,,
1,2067529,15,0,15,1,N,0,50338688,15,120,US01,10005778,,US02,MMQA001,QUALITY,,,
1,2069422,1,,0,,N,0,,0,10,US00,0,,US02,,Atomatic operation,,,
1,2069423,1,,0,,N,0,,0,10,US00,0,,US02,,Atomatic operation,,,
1,2069425,1,,0,,N,0,,0,10,US00,0,,US02,,Atomatic operation,,,
1,2069426,1,,0,,N,0,,0,10,US00,0,,US02,,Atomatic operation,,,
1,2069427,1,,0,,N,0,,0,10,US00,0,,US02,,Atomatic operation,,,
1,2069428,1,,0,,N,0,,0,10,US00,0,,US02,,Atomatic operation,,,
1,2069429,1,,0,,N,0,,0,10,US00,0,,US02,,Atomatic operation,,,
1,2069430,1,,0,,N,0,,0,10,US00,0,,US02,,Atomatic operation,,,
1,2069431,1,,0,,N,0,,0,10,US01,0,,US02,,Atomatic operation,,,
1,2069472,1,,0,,N,0,,0,10,US00,0,,US02,,Atomatic operation,,,
1,2069473,1,,0,,N,0,,0,10,US00,0,,US02,,Atomatic operation,,,
1,2069474,1,,0,,N,0,,0,10,US00,0,,US02,,Atomatic operation,,,
1,2069475,1,,0,,N,0,,0,10,US00,0,,US02,,Atomatic operation,,,
1,2069476,1,,0,,N,0,,0,10,US00,0,,US02,,Atomatic operation,,,
1,2069477,1,,0,,N,0,,0,10,US00,0,,US02,,Atomatic operation,,,
1,2069479,1,,0,,N,0,,0,10,US00,0,,US02,,Atomatic operation,,,
1,2069480,1,,0,,N,0,,0,10,US00,0,,US02,,Atomatic operation,,,
1,2069481,1,,0,,N,0,,0,10,US00,0,,US02,,Atomatic operation,,,
1,2069482,1,,0,,N,0,,0,10,US00,0,,US02,,Atomatic operation,,,
1,2069483,1,,0,,N,0,,0,10,US00,0,,US02,,Atomatic operation,,,
1,2069512,1,0,1,1,N,0,50354899,1,10,US01,10005775,,US02,MMIA001,ASSEMBLY,,EN,
1,2069512,2,0,2,1,N,0,50354899,2,20,US01,10005778,,US02,MMQA001,QUALITY,,,
1,2069512,3,0,3,1,N,0,50354899,3,30,US01,10005775,,US02,MMIA001,ASSEMBLY,,,
1,2069512,4,0,4,1,N,0,50354899,4,40,US01,10005778,,US02,MMQA001,QUALITY,,,
1,2069512,5,0,5,1,N,0,50354899,5,50,US01,10005775,,US02,MMIA001,ASSEMBLY,,,
1,2069512,6,0,6,1,N,0,50354899,6,60,US01,10005778,,US02,MMQA001,QUALITY,,,
1,2069512,7,0,7,1,N,0,50354899,7,70,US01,10005775,,US02,MMIA001,ASSEMBLY,,,
1,2069512,8,0,8,1,N,0,50354899,8,80,US01,10005778,,US02,MMQA001,QUALITY,,,
1,2069512,9,0,9,1,N,0,50354899,9,90,US01,10005775,,US02,MMIA001,ASSEMBLY,,,
1,2069512,10,0,10,1,N,0,50354899,10,100,US01,10005778,,US02,MMQA001,QUALITY,,,
1,2069512,11,0,11,1,N,0,50354899,11,110,US01,10005776,,US02,MMIP001,PAINTING,,,
1,2069512,12,0,12,1,N,0,50354899,12,120,US01,10005775,,US02,MMIA001,ASSEMBLY,,,
1,2069512,13,0,13,1,N,0,50354899,13,130,US01,10005778,,US02,MMQA001,QUALITY,,EN,
1,2069513,1,0,1,1,N,0,50354899,1,10,US01,10005775,,US02,MMIA001,ASSEMBLY,,EN,
1,2069513,2,0,2,1,N,0,50354899,2,20,US01,10005778,,US02,MMQA001,QUALITY,,,
1,2069513,3,0,3,1,N,0,50354899,3,30,US01,10005775,,US02,MMIA001,ASSEMBLY,,,
1,2069513,4,0,4,1,N,0,50354899,4,40,US01,10005778,,US02,MMQA001,QUALITY,,,
1,2069513,5,0,5,1,N,0,50354899,5,50,US01,10005775,,US02,MMIA001,ASSEMBLY,,,
1,2069513,6,0,6,1,N,0,50354899,6,60,US01,10005778,,US02,MMQA001,QUALITY,,,
1,2069513,7,0,7,1,N,0,50354899,7,70,US01,10005775,,US02,MMIA001,ASSEMBLY,,,
1,2069513,8,0,8,1,N,0,50354899,8,80,US01,10005778,,US02,MMQA001,QUALITY,,,
1,2069513,9,0,9,1,N,0,50354899,9,90,US01,10005775,,US02,MMIA001,ASSEMBLY,,,
1,2069513,10,0,10,1,N,0,50354899,10,100,US01,10005778,,US02,MMQA001,QUALITY,,,
1,2069513,11,0,11,1,N,0,50354899,11,110,US01,10005776,,US02,MMIP001,PAINTING,,,
1,2069513,12,0,12,1,N,0,50354899,12,120,US01,10005775,,US02,MMIA001,ASSEMBLY,,,
1,2069513,13,0,13,1,N,0,50354899,13,130,US01,10005778,,US02,MMQA001,QUALITY,,EN,
1,2084640,1,,0,,N,0,,0,10,US00,0,,US02,,Atomatic operation,,,
1,2084641,1,0,1,1,N,0,50338690,1,10,US01,10005775,,US02,MMIA001,ASSEMBLY,,EN,
1,2084641,2,0,2,1,N,0,50338690,2,20,US01,10005778,,US02,MMQA001,QUALITY,,,
1,2084641,3,0,3,1,N,0,50338690,3,30,US01,10005775,,US02,MMIA001,ASSEMBLY,,,
1,2084641,4,0,4,1,N,0,50338690,4,40,US01,10005778,,US02,MMQA001,QUALITY,,,
1,2084641,5,0,5,1,N,0,50338690,5,50,US01,10005775,,US02,MMIA001,ASSEMBLY,,,
1,2084641,6,0,6,1,N,0,50338690,6,60,US01,10005778,,US02,MMQA001,QUALITY,,,
1,2084641,7,0,7,1,N,0,50338690,7,70,US01,10005775,,US02,MMIA001,ASSEMBLY,,,
1,2084641,8,0,8,1,N,0,50338690,8,80,US01,10005778,,US02,MMQA001,QUALITY,,,
1,2084641,9,0,9,1,N,0,50338690,9,90,US01,10005776,,US02,MMIP001,PAINTING,,,
1,2084641,10,0,10,1,N,0,50338690,10,100,US01,10005775,,US02,MMIA001,ASSEMBLY,,,
1,2084641,11,0,11,1,N,0,50338690,11,110,US01,10005778,,US02,MMQA001,QUALITY,,EN,
1,2097753,1,0,1,1,N,0,50338688,1,10,US01,10005775,,US02,MMIA001,ASSEMBLY,,EN,
1,2097753,2,0,2,1,N,0,50338688,2,20,US01,10005778,,US02,MMQA001,QUALITY,,,
1,2097753,3,0,3,1,N,0,50338688,3,30,US01,10005775,,US02,MMIA001,ASSEMBLY,,,
1,2097753,4,0,4,1,N,0,50338688,4,40,US01,10005778,,US02,MMQA001,QUALITY,,,
1,2097753,5,0,5,1,N,0,50338688,5,50,US01,10005775,,US02,MMIA001,ASSEMBLY,,,
1,2097753,6,0,6,1,N,0,50338688,6,60,US01,10005778,,US02,MMQA001,QUALITY,,,
1,2097753,7,0,7,1,N,0,50338688,7,70,US01,10005775,,US02,MMIA001,ASSEMBLY,,,
1,2097753,8,0,8,1,N,0,50338688,8,80,US01,10005778,,US02,MMQA001,QUALITY,,,
1,2097753,9,0,9,1,N,0,50338688,9,130,US01,10005776,,US02,MMIP001,PAINTING,,,
1,2097753,10,0,10,1,N,0,50338688,10,140,US01,10005775,,US02,MMIA001,ASSEMBLY,,,
1,2097753,11,0,11,1,N,0,50338688,11,150,US01,10005778,,US02,MMQA001,QUALITY,,EN,
1,2097753,12,0,12,1,N,0,50338688,12,90,US01,10005775,,US02,MMIA001,ASSEMBLY,,,
1,2097753,13,0,13,1,N,0,50338688,13,100,US01,10005778,,US02,MMQA001,QUALITY,,,
1,2097753,14,0,14,1,N,0,50338688,14,110,US01,10005775,,US02,MMIA001,ASSEMBLY,,,
1,2097753,15,0,15,1,N,0,50338688,15,120,US01,10005778,,US02,MMQA001,QUALITY,,,
1,2104373,1,,0,,N,0,,0,10,US01,10005775,,US02,MMIA001,ASSEMBLY,,,
1,2104373,2,,0,,N,0,,0,20,US01,10005775,,US02,MMIA001,ASSEMBLY,,,
1,2104373,3,,0,,N,0,,0,30,US01,10005778,,US02,MMQA001,Remove and reinstall bushings,,EN,
1,2104373,4,,0,,N,0,,0,40,US01,10005778,,US02,MMQA001,QUALITY,,,
1,2106792,1,0,1,1,N,0,50338688,1,10,US01,10005775,,US02,MMIA001,ASSEMBLY,,EN,
1,2106792,2,0,2,1,N,0,50338688,2,20,US01,10005778,,US02,MMQA001,QUALITY,,,
1,2106792,3,0,3,1,N,0,50338688,3,30,US01,10005775,,US02,MMIA001,ASSEMBLY,,,
1,2106792,4,0,4,1,N,0,50338688,4,40,US01,10005778,,US02,MMQA001,QUALITY,,,
1,2106792,5,0,5,1,N,0,50338688,5,50,US01,10005775,,US02,MMIA001,ASSEMBLY,,,
1,2106792,6,0,6,1,N,0,50338688,6,60,US01,10005778,,US02,MMQA001,QUALITY,,,
1,2106792,7,0,7,1,N,0,50338688,7,70,US01,10005775,,US02,MMIA001,ASSEMBLY,,,
1,2106792,8,0,8,1,N,0,50338688,8,80,US01,10005778,,US02,MMQA001,QUALITY,,,
1,2106792,9,0,9,1,N,0,50338688,9,130,US01,10005776,,US02,MMIP001,PAINTING,,,
1,2106792,10,0,10,1,N,0,50338688,10,140,US01,10005775,,US02,MMIA001,ASSEMBLY,,,
1,2106792,11,0,11,1,N,0,50338688,11,150,US01,10005778,,US02,MMQA001,QUALITY,,EN,
1,2106792,12,0,12,1,N,0,50338688,12,90,US01,10005775,,US02,MMIA001,ASSEMBLY,,,
1,2106792,13,0,13,1,N,0,50338688,13,100,US01,10005778,,US02,MMQA001,QUALITY,,,
1,2106792,14,0,14,1,N,0,50338688,14,110,US01,10005775,,US02,MMIA001,ASSEMBLY,,,
1,2106792,15,0,15,1,N,0,50338688,15,120,US01,10005778,,US02,MMQA001,QUALITY,,,
1,2106793,1,0,1,1,N,0,50338690,1,10,US01,10005775,,US02,MMIA001,ASSEMBLY,,EN,
1,2106793,2,0,2,1,N,0,50338690,2,20,US01,10005778,,US02,MMQA001,QUALITY,,,
1,2106793,3,0,3,1,N,0,50338690,3,30,US01,10005775,,US02,MMIA001,ASSEMBLY,,,
1,2106793,4,0,4,1,N,0,50338690,4,40,US01,10005778,,US02,MMQA001,QUALITY,,,
1,2106793,5,0,5,1,N,0,50338690,5,50,US01,10005775,,US02,MMIA001,ASSEMBLY,,,
1,2106793,6,0,6,1,N,0,50338690,6,60,US01,10005778,,US02,MMQA001,QUALITY,,,
1,2106793,7,0,7,1,N,0,50338690,7,70,US01,10005775,,US02,MMIA001,ASSEMBLY,,,
1,2106793,8,0,8,1,N,0,50338690,8,80,US01,10005778,,US02,MMQA001,QUALITY,,,
1,2106793,9,0,9,1,N,0,50338690,9,90,US01,10005776,,US02,MMIP001,PAINTING,,,
1,2106793,10,0,10,1,N,0,50338690,10,100,US01,10005775,,US02,MMIA001,ASSEMBLY,,,
1,2106793,11,0,11,1,N,0,50338690,11,110,US01,10005778,,US02,MMQA001,QUALITY,,EN,
1,2106794,1,0,1,1,N,0,50338690,1,10,US01,10005775,,US02,MMIA001,ASSEMBLY,,EN,
1,2106794,2,0,2,1,N,0,50338690,2,20,US01,10005778,,US02,MMQA001,QUALITY,,,
1,2106794,3,0,3,1,N,0,50338690,3,30,US01,10005775,,US02,MMIA001,ASSEMBLY,,,
1,2106794,4,0,4,1,N,0,50338690,4,40,US01,10005778,,US02,MMQA001,QUALITY,,,
1,2106794,5,0,5,1,N,0,50338690,5,50,US01,10005775,,US02,MMIA001,ASSEMBLY,,,
1,2106794,6,0,6,1,N,0,50338690,6,60,US01,10005778,,US02,MMQA001,QUALITY,,,
1,2106794,7,0,7,1,N,0,50338690,7,70,US01,10005775,,US02,MMIA001,ASSEMBLY,,,
1,2106794,8,0,8,1,N,0,50338690,8,80,US01,10005778,,US02,MMQA001,QUALITY,,,
1,2106794,9,0,9,1,N,0,50338690,9,90,US01,10005776,,US02,MMIP001,PAINTING,,,
1,2106794,10,0,10,1,N,0,50338690,10,100,US01,10005775,,US02,MMIA001,ASSEMBLY,,,
1,2106794,11,0,11,1,N,0,50338690,11,110,US01,10005778,,US02,MMQA001,QUALITY,,EN,
1,2106795,1,0,1,1,N,0,50338690,1,10,US01,10005775,,US02,MMIA001,ASSEMBLY,,EN,
1,2106795,2,0,2,1,N,0,50338690,2,20,US01,10005778,,US02,MMQA001,QUALITY,,,
1,2106795,3,0,3,1,N,0,50338690,3,30,US01,10005775,,US02,MMIA001,ASSEMBLY,,,
1,2106795,4,0,4,1,N,0,50338690,4,40,US01,10005778,,US02,MMQA001,QUALITY,,,
1,2106795,5,0,5,1,N,0,50338690,5,50,US01,10005775,,US02,MMIA001,ASSEMBLY,,,
1,2106795,6,0,6,1,N,0,50338690,6,60,US01,10005778,,US02,MMQA001,QUALITY,,,
1,2106795,7,0,7,1,N,0,50338690,7,70,US01,10005775,,US02,MMIA001,ASSEMBLY,,,
1,2106795,8,0,8,1,N,0,50338690,8,80,US01,10005778,,US02,MMQA001,QUALITY,,,
1,2106795,9,0,9,1,N,0,50338690,9,90,US01,10005776,,US02,MMIP001,PAINTING,,,
1,2106795,10,0,10,1,N,0,50338690,10,100,US01,10005775,,US02,MMIA001,ASSEMBLY,,,
1,2106795,11,0,11,1,N,0,50338690,11,110,US01,10005778,,US02,MMQA001,QUALITY,,EN,
1,2106796,1,0,1,1,N,0,50338690,1,10,US01,10005775,,US02,MMIA001,ASSEMBLY,,EN,
1,2106796,2,0,2,1,N,0,50338690,2,20,US01,10005778,,US02,MMQA001,QUALITY,,,
1,2106796,3,0,3,1,N,0,50338690,3,30,US01,10005775,,US02,MMIA001,ASSEMBLY,,,
1,2106796,4,0,4,1,N,0,50338690,4,40,US01,10005778,,US02,MMQA001,QUALITY,,,
1,2106796,5,0,5,1,N,0,50338690,5,50,US01,10005775,,US02,MMIA001,ASSEMBLY,,,
1,2106796,6,0,6,1,N,0,50338690,6,60,US01,10005778,,US02,MMQA001,QUALITY,,,
1,2106796,7,0,7,1,N,0,50338690,7,70,US01,10005775,,US02,MMIA001,ASSEMBLY,,,
1,2106796,8,0,8,1,N,0,50338690,8,80,US01,10005778,,US02,MMQA001,QUALITY,,,
1,2106796,9,0,9,1,N,0,50338690,9,90,US01,10005776,,US02,MMIP001,PAINTING,,,
1,2106796,10,0,10,1,N,0,50338690,10,100,US01,10005775,,US02,MMIA001,ASSEMBLY,,,
1,2106796,11,0,11,1,N,0,50338690,11,110,US01,10005778,,US02,MMQA001,QUALITY,,EN,
1,2106797,1,0,1,1,N,0,50338690,1,10,US01,10005775,,US02,MMIA001,ASSEMBLY,,EN,
1,2106797,2,0,2,1,N,0,50338690,2,20,US01,10005778,,US02,MMQA001,QUALITY,,,
1,2106797,3,0,3,1,N,0,50338690,3,30,US01,10005775,,US02,MMIA001,ASSEMBLY,,,
1,2106797,4,0,4,1,N,0,50338690,4,40,US01,10005778,,US02,MMQA001,QUALITY,,,
1,2106797,5,0,5,1,N,0,50338690,5,50,US01,10005775,,US02,MMIA001,ASSEMBLY,,,
1,2106797,6,0,6,1,N,0,50338690,6,60,US01,10005778,,US02,MMQA001,QUALITY,,,
1,2106797,7,0,7,1,N,0,50338690,7,70,US01,10005775,,US02,MMIA001,ASSEMBLY,,,
1,2106797,8,0,8,1,N,0,50338690,8,80,US01,10005778,,US02,MMQA001,QUALITY,,,
1,2106797,9,0,9,1,N,0,50338690,9,90,US01,10005776,,US02,MMIP001,PAINTING,,,
1,2106797,10,0,10,1,N,0,50338690,10,100,US01,10005775,,US02,MMIA001,ASSEMBLY,,,
1,2106797,11,0,11,1,N,0,50338690,11,110,US01,10005778,,US02,MMQA001,QUALITY,,EN,
1,2106798,1,0,1,1,N,0,50338690,1,10,US01,10005775,,US02,MMIA001,ASSEMBLY,,EN,
1,2106798,2,0,2,1,N,0,50338690,2,20,US01,10005778,,US02,MMQA001,QUALITY,,,
1,2106798,3,0,3,1,N,0,50338690,3,30,US01,10005775,,US02,MMIA001,ASSEMBLY,,,
1,2106798,4,0,4,1,N,0,50338690,4,40,US01,10005778,,US02,MMQA001,QUALITY,,,
1,2106798,5,0,5,1,N,0,50338690,5,50,US01,10005775,,US02,MMIA001,ASSEMBLY,,,
1,2106798,6,0,6,1,N,0,50338690,6,60,US01,10005778,,US02,MMQA001,QUALITY,,,
1,2106798,7,0,7,1,N,0,50338690,7,70,US01,10005775,,US02,MMIA001,ASSEMBLY,,,
1,2106798,8,0,8,1,N,0,50338690,8,80,US01,10005778,,US02,MMQA001,QUALITY,,,
1,2106798,9,0,9,1,N,0,50338690,9,90,US01,10005776,,US02,MMIP001,PAINTING,,,
1,2106798,10,0,10,1,N,0,50338690,10,100,US01,10005775,,US02,MMIA001,ASSEMBLY,,,
1,2106798,11,0,11,1,N,0,50338690,11,110,US01,10005778,,US02,MMQA001,QUALITY,,EN,
1,2106799,1,0,1,1,N,0,50338690,1,10,US01,10005775,,US02,MMIA001,ASSEMBLY,,EN,
1,2106799,2,0,2,1,N,0,50338690,2,20,US01,10005778,,US02,MMQA001,QUALITY,,,
1,2106799,3,0,3,1,N,0,50338690,3,30,US01,10005775,,US02,MMIA001,ASSEMBLY,,,
1,2106799,4,0,4,1,N,0,50338690,4,40,US01,10005778,,US02,MMQA001,QUALITY,,,
1,2106799,5,0,5,1,N,0,50338690,5,50,US01,10005775,,US02,MMIA001,ASSEMBLY,,,
1,2106799,6,0,6,1,N,0,50338690,6,60,US01,10005778,,US02,MMQA001,QUALITY,,,
1,2106799,7,0,7,1,N,0,50338690,7,70,US01,10005775,,US02,MMIA001,ASSEMBLY,,,
1,2106799,8,0,8,1,N,0,50338690,8,80,US01,10005778,,US02,MMQA001,QUALITY,,,
1,2106799,9,0,9,1,N,0,50338690,9,90,US01,10005776,,US02,MMIP001,PAINTING,,,
1,2106799,10,0,10,1,N,0,50338690,10,100,US01,10005775,,US02,MMIA001,ASSEMBLY,,,
1,2106799,11,0,11,1,N,0,50338690,11,110,US01,10005778,,US02,MMQA001,QUALITY,,EN,
1,2106800,1,0,1,1,N,0,50338690,1,10,US01,10005775,,US02,MMIA001,ASSEMBLY,,EN,
1,2106800,2,0,2,1,N,0,50338690,2,20,US01,10005778,,US02,MMQA001,QUALITY,,,
1,2106800,3,0,3,1,N,0,50338690,3,30,US01,10005775,,US02,MMIA001,ASSEMBLY,,,
1,2106800,4,0,4,1,N,0,50338690,4,40,US01,10005778,,US02,MMQA001,QUALITY,,,
1,2106800,5,0,5,1,N,0,50338690,5,50,US01,10005775,,US02,MMIA001,ASSEMBLY,,,
1,2106800,6,0,6,1,N,0,50338690,6,60,US01,10005778,,US02,MMQA001,QUALITY,,,
1,2106800,7,0,7,1,N,0,50338690,7,70,US01,10005775,,US02,MMIA001,ASSEMBLY,,,
1,2106800,8,0,8,1,N,0,50338690,8,80,US01,10005778,,US02,MMQA001,QUALITY,,,
1,2106800,9,0,9,1,N,0,50338690,9,90,US01,10005776,,US02,MMIP001,PAINTING,,,
1,2106800,10,0,10,1,N,0,50338690,10,100,US01,10005775,,US02,MMIA001,ASSEMBLY,,,
1,2106800,11,0,11,1,N,0,50338690,11,110,US01,10005778,,US02,MMQA001,QUALITY,,EN,
1,2106801,1,0,1,1,N,0,50338689,1,10,US01,10005775,,US02,MMIA001,ASSEMBLY,,EN,
1,2106801,2,0,2,1,N,0,50338689,2,20,US01,10005778,,US02,MMQA001,QUALITY,,,
1,2106801,3,0,3,1,N,0,50338689,3,30,US01,10005775,,US02,MMIA001,ASSEMBLY,,,
1,2106801,4,0,4,1,N,0,50338689,4,40,US01,10005778,,US02,MMQA001,QUALITY,,,
1,2106801,5,0,5,1,N,0,50338689,5,50,US01,10005775,,US02,MMIA001,ASSEMBLY,,,
1,2106801,6,0,6,1,N,0,50338689,6,60,US01,10005778,,US02,MMQA001,QUALITY,,,
1,2106801,7,0,7,1,N,0,50338689,7,70,US01,10005775,,US02,MMIA001,ASSEMBLY,,,
1,2106801,8,0,8,1,N,0,50338689,8,80,US01,10005778,,US02,MMQA001,QUALITY,,,
1,2106801,9,0,9,1,N,0,50338689,9,90,US01,10005775,,US02,MMIA001,ASSEMBLY,,,
1,2106801,10,0,10,1,N,0,50338689,10,100,US01,10005778,,US02,MMQA001,QUALITY,,,